case,num,MN,FCFS max_delay,last lane change max_delay,out_lane_change max_delay,FCFS mean_delay,last lane change mean_delay,out_lane_change mean_delay,FCFS maxe,last lane change maxe,out_lane_change maxe,milp time,fcfs time,heuristic time
04_3_20,1,3_4,5.150000000000002,6.440000000000001,9.98,1.921666666666667,2.0127777777777784,3.4727777777777784,25,25,27,0.1086438496907552,0.0007010777791341146,0.0007806380589803059
04_3_20,2,3_4,12.469999999999999,12.32,9.260000000000002,3.745217391304348,3.745217391304348,2.9991304347826087,31,31,26.69,0.12818668683369955,0.0013361454010009765,0.0013355016708374023
04_3_20,3,3_4,12.84,12.84,13.61,5.34375,5.34375,5.7579166666666675,31.47,31.47,31.23,0.18367942174275717,0.0017415682474772136,0.0020598888397216795
04_3_20,4,3_4,7.619999999999997,7.619999999999997,5.700000000000001,2.811111111111111,2.811111111111111,2.3405555555555555,26,27.47,23,0.15209066073099772,0.0023025830586751303,0.0011427005132039387
04_3_20,5,3_4,7.27,8.02,6.649999999999997,2.700555555555555,2.700555555555555,2.0938888888888885,25.6,25.6,22.45,0.1933292309443156,0.0023618300755818685,0.0015046199162801106
04_3_20,6,3_4,8.68,9.379999999999999,8.379999999999999,3.2357894736842105,3.4831578947368422,2.851578947368421,28.3,29,27.3,0.18627326488494872,0.0016812324523925782,0.0013223409652709961
04_3_20,7,3_4,6.739999999999998,6.739999999999998,7.469999999999999,2.786190476190476,2.738571428571428,2.9957142857142856,25,24,26.85,0.15344447294871014,0.0012608051300048828,0.0012186288833618164
04_3_20,8,3_4,15.54,14.54,11.420000000000002,4.749642857142858,4.713928571428571,4.1067857142857145,35,34,30,0.3111609935760498,0.0028185526529947917,0.0027733008066813153
04_3_20,9,3_4,13.060000000000002,13.590000000000003,10.970000000000002,4.0128,4.0128,3.4055999999999997,31.45,31.45,29,0.17133545875549316,0.0016469637552897136,0.0015487035115559896
04_3_20,10,3_4,10.46,13.430000000000003,8.690000000000001,3.748076923076923,4.060769230769231,3.2146153846153847,28.740000000000002,32.74,27,0.19702853361765543,0.0016007184982299804,0.001327641805013021
04_3_40,1,3_4,19.47,21.47,15.469999999999999,7.076756756756756,7.265945945945946,5.447567567567567,56,57,48,0.4007237672805786,0.003359484672546387,0.003935702641805013
04_3_40,2,3_4,35.65,33.54,28.060000000000002,12.95326530612245,12.63326530612245,9.836326530612245,75,73,65,0.7231712182362874,0.00608980655670166,0.006403811772664388
04_3_40,3,3_4,20.299999999999997,20.299999999999997,17.96,9.57695652173913,9.324782608695651,8.467173913043476,59,58.35,55,0.5393004496892293,0.005776143074035645,0.0062761068344116214
04_3_40,4,3_4,34.760000000000005,36.760000000000005,30.369999999999997,15.105471698113208,15.199811320754717,12.377169811320755,71,73,68,0.7158713817596436,0.005918812751770019,0.006271505355834961
04_3_40,5,3_4,31.260000000000005,30.260000000000005,25.660000000000004,10.556153846153846,12.387692307692308,8.914423076923077,69,68,65,0.795387864112854,0.007843573888142904,0.007900730768839518
04_3_40,6,3_4,25.65,25.65,19.65,9.19452380952381,9.313571428571429,6.343095238095239,65,65,59,0.8732592821121216,0.005615631739298503,0.004349303245544433
04_3_40,7,3_4,12.68,12.829999999999998,7.890000000000001,4.73027027027027,4.972702702702703,3.2640540540540544,48.06,48.06,47,0.5263061205546061,0.004400404294331869,0.005781483650207519
04_3_40,8,3_4,31.239999999999995,26.239999999999995,17.589999999999996,9.587777777777777,9.59222222222222,7.966444444444444,71,66,57.04,0.8235137542088826,0.006760740280151367,0.006908305486043294
04_3_40,9,3_4,16.78,16.610000000000007,11.610000000000007,6.799473684210527,6.80421052631579,4.453947368421054,50,53.11,47,0.4251334985097249,0.003596226374308268,0.003408193588256836
04_3_40,10,3_4,28.07,29.629999999999995,27.21999999999999,12.336730769230769,12.786923076923076,9.820769230769232,68,67,67,0.9339934349060058,0.00818616549173991,0.007027578353881836
04_3_60,1,3_4,58.51,67.65,58.51,26.52032786885246,24.202786885245903,22.688032786885245,117,127,117,2.0976717313130697,0.010042079289754232,0.009840178489685058
04_3_60,2,3_4,60.220000000000006,50.46000000000001,60.220000000000006,20.377246376811595,19.200289855072466,18.35855072463768,119,110,119,1.5489180405934653,0.011465072631835938,0.011855189005533855
04_3_60,3,3_4,58.010000000000005,59.010000000000005,56.010000000000005,23.350615384615388,23.464307692307695,22.269538461538463,117,118,114,1.643046220143636,0.009430591265360515,0.00903943379720052
04_3_60,4,3_4,70.81,69.86000000000001,62.81000000000001,28.52776315789474,29.73434210526316,25.38671052631579,130,129,122,1.7799845933914185,0.013906145095825195,0.013144652048746744
04_3_60,5,3_4,63.690000000000005,58.46,50.690000000000005,20.430253164556962,22.88607594936709,17.16506329113924,122.23,117,109.23,1.796713916460673,0.01699961026509603,0.016239349047342935
04_3_60,6,3_4,60.459999999999994,59.62,50.459999999999994,22.607272727272726,22.080757575757573,16.16621212121212,119,119,109,1.824660603205363,0.0136793851852417,0.012299625078837077
04_3_60,7,3_4,23.130000000000003,23.490000000000002,19.110000000000007,10.921923076923079,10.381538461538463,8.912307692307694,78,83,78,0.9292923291524251,0.006647825241088867,0.006561557451883952
04_3_60,8,3_4,43.27,47.63999999999999,41.910000000000004,16.655806451612904,15.609838709677419,14.185,102,106,96,1.295435913403829,0.009967819849650065,0.009723917643229166
04_3_60,9,3_4,53.55000000000001,50.35,52.55000000000001,17.175454545454546,16.58606060606061,15.205757575757577,113,109,112,1.7325545310974122,0.011598881085713704,0.014926465352376302
04_3_60,10,3_4,76.02,67.79,56.790000000000006,26.785600000000002,25.2256,21.878933333333332,135,127,116,1.8669759035110474,0.015264391899108887,0.018119295438130695
06_3_20,1,3_4,14.420000000000002,14.420000000000002,12.88,6.389642857142857,6.389642857142857,5.9775,32.42,32.42,28.42,0.2044879674911499,0.002361329396565755,0.0023532390594482424
06_3_20,2,3_4,8.480000000000002,8.480000000000002,8.480000000000002,3.5168181818181825,3.471363636363637,3.0131818181818186,26.23,26.23,24.33,0.129272198677063,0.0015657822291056315,0.0015215714772542318
06_3_20,3,3_4,11.950000000000003,11.950000000000003,12.089999999999998,5.478888888888889,5.478888888888889,5.21962962962963,30,30,27,0.20817397435506185,0.0022896766662597657,0.0029597123463948566
06_3_20,4,3_4,15.77,17.39,10.43,6.380625000000001,6.166250000000001,5.034375000000001,34,37,29.48,0.2935539086659749,0.003186806042989095,0.003366231918334961
06_3_20,5,3_4,26.98,26.98,23.03,10.311111111111112,10.59361111111111,8.477222222222222,45.43,45.43,43,0.3826506773630778,0.0036367019017537433,0.003542741139729818
06_3_20,6,3_4,19.760000000000005,18.760000000000005,14.560000000000002,6.6732258064516135,6.533870967741936,5.354516129032259,39,37.870000000000005,33.8,0.2898934523264567,0.002905837694803874,0.004178730646769205
06_3_20,7,3_4,21.51,21.51,18.51,7.613214285714286,7.992857142857143,6.838214285714286,38.81,38.81,34.81,0.3271821657816569,0.00285034974416097,0.002177707354227702
06_3_20,8,3_4,22.720000000000006,22.720000000000006,15.5,7.480937500000001,7.251562500000001,6.3053125,42.370000000000005,42.370000000000005,34.15,0.2769527832667033,0.0032316128412882487,0.003155684471130371
06_3_20,9,3_4,11.34,10.52,10.630000000000003,5.079166666666667,4.9125000000000005,5.240000000000001,30.3,29.58,28,0.2967814604441325,0.002645254135131836,0.0022701104482014973
06_3_20,10,3_4,17.61,17.29,12.61,6.070689655172414,5.716206896551724,4.596206896551724,37,36.68,31.009999999999998,0.24806952476501465,0.0025695164998372397,0.002596147855122884
06_3_40,1,3_4,36.319999999999986,41.809999999999995,28.79,14.97381818181818,14.551636363636362,11.563636363636363,69.50999999999999,79,65,0.8805211782455444,0.009380658467610678,0.009384218851725261
06_3_40,2,3_4,49.7,49.7,36.7,18.065151515151516,18.86469696969697,15.670151515151515,89,89,76,1.4044492642084758,0.019953314463297525,0.01923192342122396
06_3_40,3,3_4,51.54999999999999,51.54999999999999,35.01,18.021129032258067,20.448870967741932,12.875967741935485,91.53999999999999,91.53999999999999,75,1.2826520204544067,0.012037269274393718,0.010265040397644042
06_3_40,4,3_4,45.12,45.93,34.56,15.306779661016948,17.0971186440678,11.777966101694915,84.19,85,74,0.7141935745875041,0.00967854658762614,0.009425886472066243
06_3_40,5,3_4,32.29,30.479999999999997,22.41,14.004181818181817,13.732,10.163272727272727,72,70.07,60,0.4745953639348348,0.00654911994934082,0.006189107894897461
06_3_40,6,3_4,53.67,49.55,41.55,19.37238095238095,18.629682539682538,15.599206349206348,93,89,81,0.761187998453776,0.01089016596476237,0.009601839383443196
06_3_40,7,3_4,46.76,48.76,33.92,20.905573770491806,20.821967213114753,15.65672131147541,82,84,69,0.9111905177434285,0.009488701820373535,0.010943396886189779
06_3_40,8,3_4,42.13,41.690000000000005,37.13,13.250169491525424,14.012881355932205,12.315084745762714,82,81,77,0.7220444281895956,0.007311717669169108,0.00732423464457194
06_3_40,9,3_4,53.55,53.55,44.629999999999995,20.2610447761194,20.297164179104477,17.065671641791045,92.78999999999999,92.78999999999999,83.78999999999999,0.8241184949874878,0.00882570743560791,0.008916775385538736
06_3_40,10,3_4,53.92,49.95,48.11000000000001,21.029264705882355,21.588823529411766,16.912058823529414,92.97,88,87,1.7691382010777792,0.017063140869140625,0.02136389414469401
06_3_60,1,3_4,87.03999999999999,91.03999999999999,80.03999999999999,34.14288888888888,35.330555555555556,31.17611111111111,147,151,140,2.2696377833684287,0.019092758496602375,0.022086699803670246
06_3_60,2,3_4,99.25999999999999,94.25999999999999,99.25999999999999,37.83571428571428,36.81880952380952,35.304880952380955,158,153,158,2.4077130556106567,0.017007478078206382,0.01672210693359375
06_3_60,3,3_4,83.84,92.62,83.84,29.979662921348314,30.119775280898878,28.057640449438203,142,152.18,142,2.047485097249349,0.020493706067403156,0.022130656242370605
06_3_60,4,3_4,83.22999999999999,75.22999999999999,80.22999999999999,27.30081395348837,24.992906976744184,25.12348837209302,143,135,140,1.5915791670481363,0.018387460708618165,0.01933900515238444
06_3_60,5,3_4,108.66,104.66,108.66,44.26558823529412,42.01147058823529,40.78382352941176,168,164,168,1.9187848806381225,0.02613514264424642,0.025402228037516277
06_3_60,6,3_4,85.58,74.58,75.58,29.48274725274725,29.761868131868127,24.489450549450545,145,134,135,1.7569751342137654,0.02215588092803955,0.020597418149312336
06_3_60,7,3_4,97.89000000000001,102.26,96.52000000000001,34.73378640776699,38.53961165048544,32.25689320388349,157,159,155,2.052356314659119,0.02362829049428304,0.0283233642578125
06_3_60,8,3_4,98.19,105.67999999999999,96.19,40.992978723404256,36.98968085106383,38.950425531914895,156,165,155,2.475418202082316,0.024817617734273274,0.026050829887390138
06_3_60,9,3_4,84.52,93.52,83.52,33.854479166666664,37.9378125,30.078437499999996,144,153,143,1.8730820020039876,0.024556668599446614,0.021637892723083495
06_3_60,10,3_4,89.9,87.15,75.99000000000001,35.25475247524753,33.5380198019802,30.23059405940594,149,145.25,135,2.5855479637781777,0.030286097526550294,0.03192422389984131
08_3_20,1,3_4,27.28,27.28,17.53,11.25871794871795,11.25871794871795,7.68974358974359,47.06,47.06,36.06,0.24111628532409668,0.0036650896072387695,0.0038696050643920897
08_3_20,2,3_4,16.509999999999998,16.11,12.84,6.34625,6.28375,5.9384375,34.14,33.14,32,0.2829072634379069,0.0026528517405192058,0.0029221534729003905
08_3_20,3,3_4,32.379999999999995,32.379999999999995,22.17,13.141904761904762,13.141904761904762,10.577619047619047,51,51,41,0.4915754874547323,0.008322795232137045,0.007786957422892252
08_3_20,4,3_4,27.260000000000005,27.260000000000005,20.04,12.0545,12.0545,9.6215,46.980000000000004,46.980000000000004,39.18,0.17341935634613037,0.0036771615346272786,0.003959131240844726
08_3_20,5,3_4,28.029999999999998,28.029999999999998,21.46,11.57372093023256,11.57372093023256,9.495348837209303,47.32,47.32,41.11,0.27510376771291095,0.005833951632181803,0.005835843086242676
08_3_20,6,3_4,21.919999999999998,21.919999999999998,17.68,8.787297297297297,8.787297297297297,8.048918918918918,40.04,40.04,37,0.2331506888071696,0.0029466867446899412,0.0030892213185628255
08_3_20,7,3_4,21.44,22.450000000000003,16.6,9.516562500000001,9.891562500000001,8.3103125,40,40,34,0.26680003801981605,0.0030783812204996743,0.004512715339660645
08_3_20,8,3_4,33.86,33.86,26.630000000000003,12.916428571428572,12.916428571428572,10.929523809523811,53,53,46,0.2728602329889933,0.004390120506286621,0.005168048540751139
08_3_20,9,3_4,32.89,32.89,21.169999999999998,12.044390243902438,12.044390243902438,10.594146341463414,52.769999999999996,52.769999999999996,40,0.24281262556711833,0.004103541374206543,0.004151741663614909
08_3_20,10,3_4,33.75,33.75,27.729999999999997,15.551136363636362,15.551136363636362,12.693863636363634,53.3,53.3,44.129999999999995,0.308329693476359,0.0058030843734741214,0.006966996192932129
08_3_40,1,3_4,63.089999999999996,61.26,49.730000000000004,23.473750000000003,23.556527777777777,18.49555555555556,102,100.17,89,0.938455049196879,0.013999581336975098,0.011699072519938151
08_3_40,2,3_4,36.690000000000005,39.410000000000004,34.4,16.80984126984127,17.904126984126986,14.222857142857144,76.28,79,73.28,0.6197050491968791,0.00861970583597819,0.008778619766235351
08_3_40,3,3_4,43.12,43.12,36.26,19.668732394366195,19.35887323943662,17.57816901408451,83,83,72,0.7589401006698608,0.01225286324818929,0.01192909876505534
08_3_40,4,3_4,69.09,69.42,50.209999999999994,26.233636363636364,26.435844155844155,20.893376623376625,107,107.03,90,1.0602523803710937,0.014270520210266114,0.014685225486755372
08_3_40,5,3_4,71.53,70.68,53.53,25.674936708860763,26.254177215189877,21.13240506329114,111,109.06,92.06,0.897408374150594,0.01763155460357666,0.015655342737833658
08_3_40,6,3_4,61.0,58.0,44.0,22.36552631578947,21.957631578947368,19.8725,101,97,83,0.9993125995000204,0.014889947573343913,0.014766589800516764
08_3_40,7,3_4,70.62,72.07,44.379999999999995,26.97905405405405,27.952837837837837,18.514459459459456,110,111.69,84,0.9773048480351766,0.013300720850626628,0.012500413258870443
08_3_40,8,3_4,51.01,53.01,43.63,20.334492753623188,20.598840579710146,16.959130434782608,90,91,82,0.8542231798171998,0.012374369303385417,0.010926040013631184
08_3_40,9,3_4,80.78,78.42,65.42,34.138314606741574,31.374269662921346,27.670337078651684,120,118,105,1.0988730986913045,0.016419180234273276,0.0177216370900472
08_3_40,10,3_4,61.92,61.92,50.28,28.842168674698797,28.842168674698797,24.64409638554217,101.34,101.34,90,0.8626747131347656,0.016710893313090006,0.015851370493570962
08_3_60,1,3_4,131.82999999999998,131.39,130.39,51.696666666666665,50.86239316239316,48.05358974358974,191,191,190,2.1741939306259157,0.031330410639444986,0.03189806938171387
08_3_60,2,3_4,110.39999999999999,116.39999999999999,107.03999999999999,45.49232142857143,45.585625,40.85401785714286,170,176,166,2.5786110321680704,0.030979418754577638,0.03146649201711019
08_3_60,3,3_4,106.89,106.17,103.47999999999999,40.19385321100918,40.287798165137616,34.68926605504587,166.16,165,163,2.3541324536005654,0.029508805274963378,0.027447120348612467
08_3_60,4,3_4,121.75,117.16,110.75,45.483916666666666,45.43391666666667,39.39425,181,177,170,2.508531188964844,0.04844909509023031,0.045063869158426924
08_3_60,5,3_4,96.03,93.97,78.03,37.1707476635514,39.50719626168224,33.1703738317757,156,153,138,3.4848495642344157,0.04936139583587647,0.05058616002400716
08_3_60,6,3_4,141.23000000000002,129.49,140.81,56.48912000000001,52.17976,50.07296,201,188,200,5.831697193781535,0.08212040265401205,0.08625038464864095
08_3_60,7,3_4,111.47999999999999,102.47999999999999,104.47999999999999,41.71208695652174,42.7115652173913,36.46826086956521,171,162,164,5.927662507692973,0.10260308583577474,0.10901678403218587
08_3_60,8,3_4,105.59,110.46000000000001,83.59,44.715087719298246,45.380175438596495,39.46850877192983,165,170,142,7.149180968602498,0.09360414346059164,0.08624774614969889
08_3_60,9,3_4,117.23,118.03,105.03,46.741880341880346,49.625470085470084,41.39786324786325,176,178,165,7.251943747202556,0.10176955064137777,0.09802280267079672
08_3_60,10,3_4,121.04999999999998,101.04999999999998,119.04999999999998,41.82056074766355,38.78953271028037,39.13383177570093,181,161,179,2.183268936475118,0.02390453815460205,0.028423746426900227
04_3_20,1,3_5,6.300000000000001,7.440000000000001,13.780000000000001,2.289444444444445,2.4561111111111114,4.300555555555556,25.02,26,30.55,0.18542686303456624,0.000784595807393392,0.0008424997329711914
04_3_20,2,3_5,11.170000000000002,11.219999999999999,11.170000000000002,3.9939130434782606,4.113478260869565,4.017391304347826,31.1,31.1,31.1,0.39840282599131266,0.002293086051940918,0.004461757342020671
04_3_20,3,3_5,13.080000000000002,13.080000000000002,13.61,5.790416666666666,5.790416666666666,5.941666666666666,30.71,30.71,30.23,0.23311920960744223,0.0018596967061360677,0.0021791934967041017
04_3_20,4,3_5,6.369999999999997,6.369999999999997,5.700000000000001,2.5433333333333334,2.687222222222222,2.4294444444444445,25,25,25,0.29348068237304686,0.0014922062555948893,0.002262727419535319
04_3_20,5,3_5,5.799999999999999,5.799999999999999,4.490000000000002,2.0338888888888884,2.0338888888888884,1.4644444444444442,21,22,21,0.14992460409800212,0.0012122154235839843,0.0010548273722330729
04_3_20,6,3_5,10.64,10.64,10.64,3.9078947368421058,3.9078947368421058,3.713684210526316,29.3,29.3,29.3,0.487298583984375,0.0016659418741861978,0.0016273180643717447
04_3_20,7,3_5,5.640000000000001,5.789999999999999,7.619999999999997,2.805238095238095,2.7576190476190474,3.7042857142857137,24,24.85,25,0.2468530019124349,0.0013364632924397787,0.001236557960510254
04_3_20,8,3_5,13.940000000000001,13.940000000000001,13.54,4.629642857142858,4.629642857142858,4.629642857142858,33,33,33,0.41331687768300374,0.0021016677220662434,0.002256449063618978
04_3_20,9,3_5,14.61,14.89,14.61,4.8884,4.5284,4.2804,31.45,32.45,31.45,0.4755451440811157,0.001721652348836263,0.0016901334126790365
04_3_20,10,3_5,13.09,13.09,11.09,4.682307692307693,4.674615384615385,4.090769230769231,32.18,32.18,30.18,0.4984904368718465,0.0019532918930053713,0.0018311738967895508
04_3_40,1,3_5,13.469999999999999,14.859999999999996,13.469999999999999,5.822702702702702,6.586216216216216,5.465945945945945,49,49.65,48.65,0.7471681833267212,0.004090952873229981,0.0035213549931844075
04_3_40,2,3_5,29.869999999999997,29.869999999999997,29.869999999999997,12.393469387755102,12.384897959183673,10.054285714285715,69.33,69.33,69.33,2.4195839961369834,0.006135710080464681,0.006820074717203776
04_3_40,3,3_5,22.490000000000002,23.96,18.059999999999995,9.245652173913042,10.183043478260869,8.458260869565216,59,61,53,1.3977379083633423,0.005400276184082032,0.005660843849182129
04_3_40,4,3_5,34.37,34.37,32.37,14.394716981132076,14.316792452830189,12.43377358490566,71,71,70,1.2999292135238647,0.007333564758300781,0.00720666249593099
04_3_40,5,3_5,27.260000000000005,28.260000000000005,27.260000000000005,10.468076923076923,10.103846153846153,8.465961538461539,65.03999999999999,67,65,1.3314299265543619,0.006674909591674804,0.0063342094421386715
04_3_40,6,3_5,25.65,23.65,21.65,8.500714285714286,9.476904761904763,7.050238095238096,65,63,61,2.4279804468154906,0.007825803756713868,0.0077726523081461584
04_3_40,7,3_5,11.68,13.68,11.68,4.871621621621622,5.333783783783784,4.383783783783784,51,52,51,1.318635924657186,0.006053511301676432,0.004577358563741048
04_3_40,8,3_5,25.549999999999997,22.239999999999995,22.239999999999995,8.409999999999998,8.854444444444443,6.934444444444443,65,62,62,2.159062155087789,0.006302348772684733,0.007251191139221192
04_3_40,9,3_5,12.020000000000003,12.020000000000003,12.020000000000003,5.292105263157896,5.27842105263158,5.028947368421053,50,51,50,1.0665915568669637,0.0038940032323201497,0.0036617517471313477
04_3_40,10,3_5,25.21999999999999,25.07,25.21999999999999,10.243461538461537,10.020576923076922,9.829230769230767,63,65,60.01,1.5718695878982545,0.006480765342712402,0.006818787256876627
04_3_60,1,3_5,64.50999999999999,67.65,64.50999999999999,26.105737704918035,23.650983606557375,26.21065573770492,123,127,123,5.822316233317057,0.00877086321512858,0.010870695114135742
04_3_60,2,3_5,57.46000000000001,51.46000000000001,57.46000000000001,19.608840579710147,18.01768115942029,16.684927536231886,117,111,117,4.2482378323872885,0.011853679021199545,0.013044404983520507
04_3_60,3,3_5,57.010000000000005,51.65000000000001,57.010000000000005,20.76123076923077,22.331076923076925,20.63876923076923,116,109,116,5.032934149106343,0.011869017283121746,0.012262288729349773
04_3_60,4,3_5,69.81,63.86000000000001,69.81,26.261315789473684,24.968157894736844,25.811315789473685,129,123,129,3.9988096793492636,0.0129472017288208,0.013866249720255535
04_3_60,5,3_5,69.77000000000001,65.69,69.77000000000001,22.593291139240506,23.097721518987342,22.11151898734177,127,123.01,127,3.9156035502751667,0.015101766586303711,0.014664475123087566
04_3_60,6,3_5,44.62,46.62,44.459999999999994,15.747272727272724,17.90984848484848,14.760757575757573,104,106,103,3.5853403568267823,0.009467713038126628,0.010843833287556967
04_3_60,7,3_5,27.46,21.46,27.46,11.911153846153848,10.62269230769231,11.316153846153847,87,81,87,2.041814096768697,0.006151827176411947,0.006446290016174317
04_3_60,8,3_5,46.85999999999999,48.85999999999999,46.85999999999999,15.867096774193548,16.97790322580645,15.849032258064517,106,107,106,3.066790048281352,0.008446113268534342,0.008603898684183757
04_3_60,9,3_5,44.55000000000001,53.55000000000001,44.55000000000001,16.30136363636364,17.861969696969698,16.30136363636364,104,113,104,4.296028343836467,0.009818410873413086,0.01053150494893392
04_3_60,10,3_5,57.790000000000006,59.790000000000006,57.790000000000006,22.406533333333336,23.4048,22.01986666666667,117,119,117,6.050885065396627,0.016203824679056802,0.015352098147074382
06_3_20,1,3_5,12.88,12.88,12.88,5.899285714285714,5.9350000000000005,4.811428571428571,29,29,29,0.538748296101888,0.002629661560058594,0.003208621342976888
06_3_20,2,3_5,7.790000000000003,7.790000000000003,7.480000000000002,2.8968181818181824,2.8968181818181824,2.586363636363637,26,25.33,24,0.2934530337651571,0.0015497763951619467,0.0014394203821818034
06_3_20,3,3_5,13.950000000000003,13.950000000000003,13.430000000000001,4.923333333333333,4.923333333333333,5.5159259259259255,30,30,30,0.30382115046183267,0.003942561149597168,0.007319490114847819
06_3_20,4,3_5,18.450000000000003,18.450000000000003,14.630000000000003,7.656875,7.409375000000001,6.768125,37.06,37.06,31.36,0.6038282553354899,0.0031466960906982424,0.0027921120325724285
06_3_20,5,3_5,25.66,24.23,24.66,9.03,8.754444444444445,8.349722222222223,45.43,44,43.43,0.6890766859054566,0.004064130783081055,0.0038399378458658854
06_3_20,6,3_5,15.760000000000005,16.869999999999997,16.869999999999997,6.689354838709678,7.080645161290324,6.236129032258066,35,36,36,0.607000756263733,0.0027037143707275392,0.0029280344645182294
06_3_20,7,3_5,15.989999999999998,16.51,12.510000000000002,6.217499999999999,6.425,5.661428571428572,35.29,35,31,0.6181831598281861,0.0026724974314371744,0.005249865849812825
06_3_20,8,3_5,18.720000000000006,18.720000000000006,16.490000000000002,7.050312500000001,6.972187500000001,6.5803125,38.370000000000005,38.370000000000005,35,0.629419740041097,0.0031204462051391602,0.002976791063944499
06_3_20,9,3_5,9.760000000000002,9.760000000000002,8.940000000000001,3.866666666666667,3.9350000000000005,4.0566666666666675,27.58,27.58,26,0.40082379976908367,0.0019439697265625,0.0018871307373046875
06_3_20,10,3_5,14.61,13.61,13.61,4.631724137931035,4.718620689655172,4.196551724137931,34,33,33,0.7171571413675945,0.002689512570699056,0.002361305554707845
06_3_40,1,3_5,39.58,33.89,38.42,14.52981818181818,14.861090909090908,14.307818181818181,77,73,73,2.5034426927566527,0.007683356602986653,0.007374127705891927
06_3_40,2,3_5,38.7,38.7,35.7,17.246060606060606,15.728484848484849,14.28469696969697,78,78,75,1.778602385520935,0.015075914065043132,0.014508255322774251
06_3_40,3,3_5,50.39,47.01,50.39,19.538548387096775,19.843709677419355,18.408225806451615,89,87,89,2.9503068288167316,0.010045647621154785,0.010776726404825847
06_3_40,4,3_5,34.56,34.56,27.93,13.136949152542373,14.7564406779661,11.55135593220339,73.38,71,67,1.631907041867574,0.009104069073994954,0.01241474946339925
06_3_40,5,3_5,28.29,29.29,28.29,13.547999999999998,12.984363636363636,11.683454545454545,67,67.35,67,1.415738582611084,0.006275200843811035,0.006335250536600749
06_3_40,6,3_5,47.55,45.55,47.55,15.428888888888888,15.256190476190476,13.778412698412698,87,85,87,2.312709641456604,0.010275689760843913,0.010654115676879882
06_3_40,7,3_5,45.01,43.76,40.55,17.880327868852458,18.75032786885246,17.603770491803278,82,81,79,3.3084673643112184,0.008546574910481771,0.010157243410746256
06_3_40,8,3_5,33.13,35.220000000000006,33.13,15.33084745762712,15.703728813559323,13.146440677966103,73,74,73,2.4208046913146974,0.0077997287114461265,0.007654921213785807
06_3_40,9,3_5,41.760000000000005,42.760000000000005,41.760000000000005,17.625820895522388,18.022238805970147,16.21014925373134,81,82,81,1.7466536045074463,0.010732555389404297,0.011616349220275879
06_3_40,10,3_5,43.11000000000001,38.11000000000001,43.11000000000001,17.661911764705884,16.189852941176472,17.51485294117647,83,78,83,2.465174674987793,0.013666033744812012,0.0123504638671875
06_3_60,1,3_5,84.03999999999999,81.03999999999999,84.03999999999999,29.80922222222222,27.86722222222222,28.976333333333333,144,141,144,5.837093448638916,0.023532668749491375,0.022049427032470703
06_3_60,2,3_5,85.32,92.32,85.32,33.29869047619047,33.48916666666667,32.740833333333335,145,152,145,5.104206458727519,0.01718318462371826,0.019542320569356283
06_3_60,3,3_5,84.62,84.44,84.62,27.236741573033708,27.63561797752809,27.22550561797753,144.18,144,144.18,4.719717478752136,0.020110940933227538,0.018355345726013182
06_3_60,4,3_5,74.47,62.46999999999999,74.47,27.69255813953488,25.336976744186043,25.341744186046512,134,122,134,4.319802649815878,0.019287904103597004,0.017690563201904298
06_3_60,5,3_5,118.59,115.66,118.59,41.84196078431373,41.70470588235294,41.64058823529412,177,174,177,4.602472392717997,0.02442798614501953,0.025034427642822266
06_3_60,6,3_5,65.41999999999999,64.58,65.41999999999999,28.36186813186813,27.076153846153844,25.887032967032965,125,124,125,4.351112365722656,0.01827548344930013,0.01992812951405843
06_3_60,7,3_5,95.89000000000001,95.89000000000001,95.89000000000001,38.37922330097088,39.50067961165048,32.896504854368935,155,155,155,3.6854459126790364,0.025558082262674968,0.026169784863789878
06_3_60,8,3_5,99.67999999999999,106.67999999999999,99.67999999999999,35.03010638297872,32.897340425531915,34.77031914893617,159,166,159,4.521875969568888,0.02217678229014079,0.020261780420939127
06_3_60,9,3_5,78.52,77.52,75.75,29.1459375,28.009270833333332,28.906354166666663,138,137,134,4.918513131141663,0.02610166072845459,0.022632400194803875
06_3_60,10,3_5,86.9,73.24000000000001,86.9,34.14831683168317,32.951980198019804,31.383069306930693,146,132.25,146,5.399181000391642,0.02685708999633789,0.027629446983337403
08_3_20,1,3_5,22.28,22.28,19.5,8.522564102564102,8.522564102564102,7.046923076923077,41.54,41.54,38.54,0.7004774252573649,0.0042915821075439455,0.004868268966674805
08_3_20,2,3_5,19.6,19.6,17.46,7.691562500000001,7.7896875,7.8403125000000005,37.14,37.14,35,0.5436913092931112,0.004280813535054525,0.004510116577148437
08_3_20,3,3_5,26.07,26.07,23.689999999999998,12.087619047619047,12.04,10.883809523809523,45.54,45.54,43,0.659431258837382,0.0035388867060343423,0.0036785364151000976
08_3_20,4,3_5,23.28,23.28,23.0,11.735,11.735,10.401,42.18,42.18,38.18,0.7432952642440795,0.004854575792948405,0.005056905746459961
08_3_20,5,3_5,27.46,27.46,26.44,11.51139534883721,11.875116279069767,10.632558139534884,47.11,47.11,46,0.6804153124491373,0.004102945327758789,0.0038482666015625
08_3_20,6,3_5,18.68,18.68,17.68,8.101891891891892,8.101891891891892,8.252162162162161,38,38,37,0.5425512472788493,0.004436930020650228,0.005331492424011231
08_3_20,7,3_5,19.450000000000003,19.450000000000003,19.450000000000003,7.497812500000001,7.529062500000001,7.341562500000001,36,36,35,0.37112107276916506,0.002798295021057129,0.0026772419611612954
08_3_20,8,3_5,27.87,27.87,23.17,10.340952380952382,10.340952380952382,9.030238095238095,47,47,43,1.3304817756017049,0.00583643118540446,0.0046646515528361
08_3_20,9,3_5,26.55,26.55,24.12,11.912926829268294,11.912926829268294,10.093170731707318,44.629999999999995,44.629999999999995,44,1.0249837080637614,0.004054888089497884,0.004065481821695963
08_3_20,10,3_5,28.699999999999996,28.699999999999996,22.729999999999997,11.846590909090908,11.846590909090908,10.602954545454544,46.3,46.3,39.769999999999996,0.817612107594808,0.004547286033630371,0.004706684748331706
08_3_40,1,3_5,46.730000000000004,45.730000000000004,46.730000000000004,15.91388888888889,16.67361111111111,15.059027777777779,86,84.15,86,2.204619121551514,0.01325835386912028,0.011993948618570964
08_3_40,2,3_5,38.690000000000005,38.12,38.059999999999995,16.985079365079365,17.733174603174604,16.541428571428572,76.94,76.28,75.28,1.8029063542683919,0.010344584782918295,0.010158689816792806
08_3_40,3,3_5,41.46000000000001,41.46000000000001,40.67,18.35450704225352,17.692535211267604,16.810985915492957,80,80,80,2.0064520041147866,0.01078798770904541,0.011285821596781412
08_3_40,4,3_5,52.239999999999995,56.470000000000006,54.209999999999994,23.63051948051948,23.914805194805197,24.154415584415585,92.03,95.31,94,2.6291102250417073,0.015778271357218425,0.01549702485402425
08_3_40,5,3_5,55.53,52.24,52.49000000000001,28.249367088607595,28.050632911392405,23.61873417721519,94.06,91,91,3.072280017534892,0.014610608418782553,0.013486989339192708
08_3_40,6,3_5,48.0,49.0,43.0,19.669605263157894,19.25828947368421,18.057894736842105,86,88.44,83,2.325538722674052,0.015882627169291178,0.014358925819396972
08_3_40,7,3_5,54.839999999999996,52.779999999999994,54.31999999999999,22.433918918918916,22.18324324324324,21.039594594594593,92,89.94,92,2.3904818375905355,0.011968700091044109,0.011742512385050455
08_3_40,8,3_5,47.21,48.24999999999999,46.21,19.12,20.06231884057971,17.527826086956523,87,88,86,2.3114882071812946,0.012233726183573405,0.01143959363301595
08_3_40,9,3_5,69.78,68.77000000000001,66.42,28.879887640449436,27.897415730337077,27.44887640449438,109,106,106,2.9619348764419557,0.019178374608357748,0.018845216433207194
08_3_40,10,3_5,57.57000000000001,58.230000000000004,48.230000000000004,22.916265060240967,21.95710843373494,19.367710843373494,97.34,97,88,2.5144215265909833,0.017125471433003744,0.016940363248189292
08_3_60,1,3_5,122.83,116.39,122.83,48.96059829059829,41.755982905982904,45.74384615384615,182,176,182,4.74519715309143,0.03156140645345052,0.03624421755472819
08_3_60,2,3_5,124.03999999999999,110.39999999999999,124.03999999999999,40.644017857142856,39.79803571428571,40.85830357142857,183,170,183,4.632560459772746,0.03083044687906901,0.031378801663716635
08_3_60,3,3_5,108.17,110.47999999999999,108.17,36.908715596330275,37.32633027522936,37.00559633027523,167,170,167,5.427056407928466,0.02681132952372233,0.027567481994628905
08_3_60,4,3_5,110.16,101.75,110.16,45.471583333333335,42.34133333333333,42.79658333333333,169,160,169,7.023124408721924,0.056207044919331865,0.061857024828592934
08_3_60,5,3_5,87.22999999999999,83.97,87.22999999999999,35.89971962616822,34.51654205607476,34.58757009345794,147,143,147,7.635492475827535,0.04472461541493734,0.04930545488993327
08_3_60,6,3_5,143.23000000000002,124.23,143.23000000000002,52.68632,49.66096,51.20344,203,184,203,8.395570341746012,0.06391390164693196,0.07709187666575114
08_3_60,7,3_5,107.47999999999999,91.47999999999999,106.47999999999999,41.61226086956521,39.38686956521739,40.27539130434782,167,151,166,15.174248329798381,0.08457199732462566,0.08785066604614258
08_3_60,8,3_5,100.46000000000001,104.46000000000001,100.46000000000001,41.01447368421053,40.82359649122807,38.735350877192985,160,164,160,14.174672436714172,0.08929916222890218,0.08687224388122558
08_3_60,9,3_5,108.03,97.03,108.03,44.44735042735043,42.778119658119664,41.48324786324786,167,154,167,12.327338719367981,0.09107435544331868,0.10264382362365723
08_3_60,10,3_5,115.04999999999998,106.04999999999998,115.04999999999998,42.187289719626165,39.75514018691588,40.77607476635514,175,166,175,3.90042781829834,0.03244183858235677,0.02562897205352783
04_4_20,1,4_5,16.85,15.7,11.940000000000001,5.09516129032258,5.308709677419355,4.151935483870967,36,34,31,0.5286929925282796,0.0043174107869466145,0.003885285059611003
04_4_20,2,4_5,14.23,14.23,9.510000000000002,4.7454838709677425,4.7454838709677425,3.491290322580645,31.05,31.05,26.05,0.2610602458318075,0.004324221611022949,0.004060220718383789
04_4_20,3,4_5,9.61,9.61,8.620000000000001,3.108846153846154,3.108846153846154,2.4146153846153844,28.53,28.53,24,0.24873039722442628,0.003123195966084798,0.0029706954956054688
04_4_20,4,4_5,11.18,11.18,12.86,4.409655172413793,4.409655172413793,4.06551724137931,29,29,28,0.2758205731709798,0.0038642724355061847,0.0037808974583943685
04_4_20,5,4_5,4.859999999999999,7.239999999999998,13.08,1.5086666666666662,1.8419999999999994,2.868666666666666,24,26,28,0.3211510101954142,0.0009789466857910156,0.0011045138041178386
04_4_20,6,4_5,14.16,14.16,11.4,4.187241379310345,4.187241379310345,3.160344827586207,31.39,31.39,26.39,0.3120622078577677,0.003685879707336426,0.004017456372578939
04_4_20,7,4_5,15.460000000000004,15.460000000000004,12.029999999999998,6.297714285714287,6.232285714285714,5.152857142857143,35.42,35.42,30.5,0.47224855422973633,0.0049918174743652345,0.005112290382385254
04_4_20,8,4_5,7.490000000000002,7.490000000000002,7.4300000000000015,2.8195000000000006,2.8195000000000006,2.5705000000000005,24,26,24,0.40152840614318847,0.0018168052037556967,0.003579409917195638
04_4_20,9,4_5,16.049999999999997,15.549999999999999,15.41,5.769375,5.425625,4.91,33,32,29.5,0.4861776749293009,0.0052771488825480144,0.0057978073755900065
04_4_20,10,4_5,9.030000000000001,8.780000000000001,8.780000000000001,2.4639130434782612,2.246521739130435,2.401304347826087,29,28,28,0.39429588317871095,0.0032832781473795575,0.004833348592122396
04_4_40,1,4_5,24.28,29.85,17.220000000000002,8.304464285714287,10.620357142857143,7.241785714285715,64,69,56,1.1014777819315593,0.009865395228068034,0.010416444142659504
04_4_40,2,4_5,28.310000000000002,34.31,23.130000000000003,11.306071428571428,11.807321428571429,8.928035714285715,67,71,60,1.878305180867513,0.014780338605244954,0.015208832422892253
04_4_40,3,4_5,32.910000000000004,41.910000000000004,29.910000000000004,14.602333333333336,15.84216666666667,9.510666666666667,72,81,69,2.523658506075541,0.013716419537862143,0.01379379431406657
04_4_40,4,4_5,29.68,31.68,28.68,10.0134375,10.0853125,9.068125,68,71,67,1.3567262172698975,0.014794500668843587,0.015331888198852539
04_4_40,5,4_5,39.03,43.03,34.64,14.642753623188405,15.03086956521739,12.01608695652174,78,83,74,1.5105498949686686,0.01720433235168457,0.01687169075012207
04_4_40,6,4_5,25.990000000000002,19.069999999999993,20.069999999999993,9.261698113207547,8.176415094339623,7.056415094339622,64,58,59,1.0881911754608153,0.010684808095296225,0.010803794860839844
04_4_40,7,4_5,22.269999999999996,25.880000000000003,17.58,7.660800000000001,7.358600000000001,5.784400000000001,60.019999999999996,60.019999999999996,55.480000000000004,1.6839408079783122,0.0102004607518514,0.010625553131103516
04_4_40,8,4_5,40.15,42.620000000000005,34.620000000000005,14.434032258064516,13.968064516129033,12.779354838709677,80,81,74,2.072887976964315,0.015450358390808105,0.014346106847127279
04_4_40,9,4_5,28.199999999999996,33.199999999999996,24.72,11.538666666666666,12.526166666666665,8.396333333333333,68,73,59,1.6429041624069214,0.01464517116546631,0.0147811492284139
04_4_40,10,4_5,46.46,38.64,32.57999999999999,18.443285714285715,17.512857142857143,12.98342857142857,86,76.18,71,2.3184637864430746,0.017931866645812988,0.019374744097391764
04_4_60,1,4_5,76.57,75.55000000000001,59.56999999999999,26.492477064220182,26.89091743119266,23.66256880733945,135,131,119,4.069439427057902,0.03675845464070638,0.035299102465311684
04_4_60,2,4_5,49.89000000000001,45.620000000000005,44.88000000000001,20.515833333333333,20.038452380952382,19.54654761904762,106,104,104,5.13532288869222,0.023509724934895834,0.02629249095916748
04_4_60,3,4_5,48.14,46.05,45.87,18.851410256410254,19.633205128205127,18.423589743589744,102,101,96,2.825477965672811,0.018897525469462075,0.019626903533935546
04_4_60,4,4_5,58.980000000000004,53.550000000000004,43.550000000000004,23.914019607843137,23.7428431372549,18.61549019607843,116,113,103,3.241582687695821,0.03498536745707194,0.034914954503377275
04_4_60,5,4_5,55.06,54.21000000000001,53.21000000000001,18.806823529411766,20.599764705882354,17.078235294117647,115,114,113,6.190511012077332,0.02532674471537272,0.02434241771697998
04_4_60,6,4_5,50.68000000000001,47.81,44.68000000000001,19.814444444444444,19.858888888888888,17.169,110,99,102,4.1456832647323605,0.02697436014811198,0.028326924641927084
04_4_60,7,4_5,59.17999999999999,60.35,46.65,21.889473684210525,21.457894736842103,17.814947368421052,118.5,117.5,106,3.821822460492452,0.027063997586568196,0.02651364008585612
04_4_60,8,4_5,53.15999999999999,50.949999999999996,42.949999999999996,21.935232558139536,19.19813953488372,16.67953488372093,110,110,102,3.6515230814615887,0.023414182662963866,0.02420653502146403
04_4_60,9,4_5,66.93,62.04,55.04,23.032526315789475,22.855263157894736,19.326526315789476,122,122,115,4.159600122769674,0.03000198205312093,0.029915754000345865
04_4_60,10,4_5,34.69,38.7,27.97,14.145942028985507,14.627391304347828,11.659420289855072,92.26,95,85,4.2402632474899296,0.01890855630238851,0.015704766909281413
06_4_20,1,4_5,24.990000000000002,24.990000000000002,16.73,9.295531914893617,9.217872340425533,6.509361702127659,44.35,44.35,36,0.41916441122690834,0.008047731717427571,0.008458789189656575
06_4_20,2,4_5,28.08,28.08,17.41,9.165116279069768,9.165116279069768,7.160930232558139,47,47,35.64,0.317795459429423,0.007246700922648112,0.007312607765197754
06_4_20,3,4_5,19.769999999999996,19.769999999999996,13.32,6.689210526315788,6.668421052631579,5.392368421052631,39.69,39.230000000000004,32,0.4449228922526042,0.005766089757283529,0.005231602986653646
06_4_20,4,4_5,14.18,14.049999999999999,14.18,6.430810810810811,6.623783783783783,5.58027027027027,34,33,34,0.41998260021209716,0.004596821467081706,0.004559183120727539
06_4_20,5,4_5,19.92,19.92,14.55,5.7910810810810815,5.7910810810810815,5.252432432432433,37,37,32,0.551481016476949,0.00459898312886556,0.004783304532368978
06_4_20,6,4_5,17.81,17.529999999999998,13.5,5.566857142857143,5.715714285714285,5.201714285714285,37,37,32,0.6315773407618205,0.005537748336791992,0.005252782503763835
06_4_20,7,4_5,18.799999999999997,18.799999999999997,16.229999999999997,6.922,6.807714285714285,6.693714285714285,37,37,33,0.5229969580968221,0.006418196360270182,0.006208086013793945
06_4_20,8,4_5,16.189999999999998,16.189999999999998,15.21,6.588684210526316,6.588684210526316,5.695526315789474,32,32,30,0.2761236270268758,0.0054415702819824215,0.006012352307637533
06_4_20,9,4_5,23.36,23.36,17.009999999999998,8.997209302325583,8.997209302325583,7.296511627906978,43.18,43.18,34.03,0.41476856072743734,0.006449492772420248,0.0066260814666748045
06_4_20,10,4_5,24.660000000000004,24.660000000000004,14.970000000000002,7.40875,7.51575,5.466,43.81,43.81,32.81,0.46656065781911216,0.005842049916585286,0.005464665095011393
06_4_40,1,4_5,47.099999999999994,40.099999999999994,29.279999999999994,17.781645569620252,16.174050632911392,13.064177215189874,87,80,67,1.758565656344096,0.020661028226216634,0.019890824953715008
06_4_40,2,4_5,65.18,61.05,47.01,26.063913043478262,25.697391304347825,20.203260869565216,105,101,87,2.5107406854629515,0.02651964028676351,0.02786562442779541
06_4_40,3,4_5,53.67,53.98,39.58,18.379882352941177,17.60764705882353,13.998470588235294,91,91,77,1.5145790179570515,0.02519835631052653,0.026923704147338866
06_4_40,4,4_5,53.68,53.68,38.81,21.21,21.181538461538462,15.435128205128205,92,92,74,1.579027485847473,0.022281670570373537,0.02251245975494385
06_4_40,5,4_5,56.15,53.15,39.15,21.262758620689656,21.069655172413796,15.969080459770115,94.15,93,79,1.577842084566752,0.030771724383036294,0.03302264213562012
06_4_40,6,4_5,61.03999999999999,63.849999999999994,46.03999999999999,25.217176470588235,25.16635294117647,19.968,101,103.22,86,2.940477967262268,0.026301193237304687,0.02622963587443034
06_4_40,7,4_5,63.220000000000006,64.59,46.13,25.408636363636365,25.05568181818182,19.64375,103.09,102.89,86,2.111105036735535,0.02865015665690104,0.024414865175882976
06_4_40,8,4_5,38.230000000000004,36.9,29.570000000000007,17.182083333333335,16.38902777777778,10.508472222222224,78,75.06,68,1.2633496284484864,0.015740513801574707,0.017095478375752766
06_4_40,9,4_5,63.980000000000004,63.980000000000004,54.540000000000006,29.05242105263158,27.043894736842105,20.184,103.31,103.31,94,1.5664835691452026,0.018611017862955728,0.018445324897766114
06_4_40,10,4_5,55.639999999999986,59.47,44.11999999999999,21.80578313253012,23.419156626506023,17.78722891566265,95.52,99,84,1.6682642141977946,0.024887895584106444,0.023723284403483074
06_4_60,1,4_5,85.52000000000001,84.93,76.64,34.987459016393444,32.56893442622951,30.71532786885246,143,142,128.36,3.1647960821787517,0.030216638247172037,0.03047626813252767
06_4_60,2,4_5,89.23000000000002,90.78,77.23000000000002,36.07631147540984,37.74877049180328,31.430655737704917,148,148,137,3.8581978559494017,0.02856297492980957,0.029009326299031576
06_4_60,3,4_5,103.82,97.09,83.82,38.81178294573643,34.630697674418606,29.273488372093023,163,156.19,143,4.5039196332295734,0.038891927401224775,0.034241437911987305
06_4_60,4,4_5,80.41,87.41,64.61,34.34517241379311,35.491206896551724,25.76853448275862,139,146,123,3.357897686958313,0.031918851534525554,0.032451383272806805
06_4_60,5,4_5,104.61000000000001,106.61000000000001,96.61000000000001,41.48568,40.198,38.48824,163,166,156,4.049066098531087,0.032132800420125326,0.03119551340738932
06_4_60,6,4_5,94.79,92.07000000000001,69.07000000000001,33.6348031496063,33.56708661417323,27.020629921259843,153,150.2,128,3.1765852689743044,0.03191089630126953,0.0307236115137736
06_4_60,7,4_5,107.81,109.75999999999999,86.33999999999999,41.90253623188406,40.69253623188406,34.573478260869564,166.82,168,146,3.898618046442668,0.038694389661153156,0.03872129917144775
06_4_60,8,4_5,90.83000000000001,91.25999999999999,72.73999999999998,38.737539682539676,39.56928571428571,28.646190476190473,150.61,150,131,3.373254410425822,0.03157936731974284,0.03199898401896159
06_4_60,9,4_5,100.35000000000002,98.62,80.62,36.798412698412704,40.67928571428572,31.82357142857143,159.73000000000002,158,140,5.417920287450155,0.05186465581258138,0.04747795263926188
06_4_60,10,4_5,92.59,99.57000000000002,72.18,37.23586776859504,38.5995041322314,33.32140495867768,152,158.98000000000002,132,3.779648518562317,0.030029813448588055,0.029390867551167807
08_4_20,1,4_5,27.240000000000002,27.240000000000002,17.17,9.775217391304347,9.775217391304347,7.547391304347826,45,45,36.35,0.4803723017374674,0.008506560325622558,0.007988746960957844
08_4_20,2,4_5,26.500000000000004,26.500000000000004,20.819999999999997,11.765384615384617,11.765384615384617,9.025769230769232,45.92,45.92,40,0.5552133401234944,0.009538491566975912,0.0095121701558431
08_4_20,3,4_5,28.73,28.73,21.759999999999998,12.094,12.094,8.915000000000001,48,48,37.25,0.6677971363067627,0.009018508593241374,0.00980990727742513
08_4_20,4,4_5,34.17,34.17,22.75,10.965384615384615,10.965384615384615,9.219615384615384,53,53,41,0.7104410807291667,0.010290137926737468,0.010861515998840332
08_4_20,5,4_5,35.66,35.66,22.82,14.003859649122806,14.003859649122806,10.383859649122806,55.129999999999995,55.129999999999995,41.29,0.6611481666564941,0.011613917350769044,0.012369982401529948
08_4_20,6,4_5,27.19,27.19,20.52,10.504222222222223,10.726222222222223,9.589333333333334,46.67,46.67,40,0.9668920834859213,0.006788492202758789,0.006756416956583659
08_4_20,7,4_5,19.180000000000003,19.180000000000003,11.899999999999999,5.167435897435897,5.193076923076923,4.21974358974359,38,38,31,0.47994860808054607,0.0056136210759480795,0.005366849899291992
08_4_20,8,4_5,21.44,19.44,16.47,6.637906976744186,6.637906976744186,6.656744186046511,41,39,35.44,0.6557722330093384,0.007260338465372721,0.006393599510192871
08_4_20,9,4_5,27.87,27.87,22.34,8.379183673469388,8.379183673469388,7.234489795918368,46.78,46.78,39,0.5273763020833333,0.008142296473185222,0.007912079493204752
08_4_20,10,4_5,25.21,24.59,19.21,7.404047619047619,7.832619047619048,7.071428571428571,45,44,38,0.5572202682495118,0.006370870272318522,0.006873774528503418
08_4_40,1,4_5,68.66,68.66,48.8,25.9357,25.4979,20.9393,108.53,107,88,2.834630767504374,0.029977782567342123,0.030094210306803384
08_4_40,2,4_5,57.68,59.68,42.68,21.89943181818182,21.366818181818182,17.32556818181818,97,99,82,1.3957102219263713,0.016391968727111815,0.017870442072550455
08_4_40,3,4_5,72.33,72.0,50.00000000000001,27.591836734693878,27.420816326530613,21.82438775510204,111.25,112,90,1.6140298128128052,0.019377668698628742,0.02030184268951416
08_4_40,4,4_5,87.53,78.37,55.53,31.39137614678899,31.19633027522936,22.925504587155963,127,118,95,1.6482312043507894,0.022898109753926595,0.023171234130859374
08_4_40,5,4_5,67.57,67.57,53.660000000000004,27.785154639175257,27.75463917525773,20.889278350515465,106.66,106.66,93,1.6501819531122843,0.0211179256439209,0.021057613690694175
08_4_40,6,4_5,55.50000000000001,62.50000000000001,44.07000000000001,23.810813953488374,24.41860465116279,18.91918604651163,95,102,82,1.5409321943918863,0.015517528851826985,0.015822752316792806
08_4_40,7,4_5,74.77,72.92,62.739999999999995,26.261826923076924,25.73298076923077,23.11951923076923,113,112.18,102,1.954117751121521,0.0253464937210083,0.02568345069885254
08_4_40,8,4_5,78.29,72.29,59.68000000000001,24.38625,25.137788461538463,20.762788461538463,118,112,99,1.48332945505778,0.023412418365478516,0.0226578156153361
08_4_40,9,4_5,53.07,53.07,35.97,18.682093023255813,18.23,14.454418604651163,92,92,71,1.3457237164179483,0.015587488810221354,0.01549220085144043
08_4_40,10,4_5,66.57,72.85,56.57,29.444752475247526,28.112475247524753,22.256633663366337,105,112,95,1.802036420504252,0.030512229601542155,0.029200315475463867
08_4_60,1,4_5,140.36,134.5,104.49999999999999,51.02680981595092,51.4439263803681,41.04411042944785,200.05,194,164,4.78121592203776,0.05494596163431804,0.05406688054402669
08_4_60,2,4_5,113.55000000000001,106.55000000000001,94.82000000000001,45.453146853146855,44.00965034965035,38.81503496503497,170,164,153,5.810803135236104,0.04773475329081218,0.04934771060943603
08_4_60,3,4_5,123.47999999999999,124.47999999999999,102.47999999999999,44.99818181818181,49.18441558441558,37.25577922077922,183,183,162,5.459650826454163,0.05634654362996419,0.05532866319020589
08_4_60,4,4_5,133.71999999999997,125.71,104.69999999999999,48.62142857142857,46.93509316770186,41.562670807453415,192.01999999999998,183,162,4.355768465995789,0.05775949954986572,0.05216308434804281
08_4_60,5,4_5,116.26,110.26,93.42,46.420718954248365,45.24424836601307,37.3618954248366,176,170,151,4.32538857460022,0.04593327840169271,0.04569871425628662
08_4_60,6,4_5,122.60999999999999,127.60999999999999,94.44999999999999,45.8058,46.360866666666666,37.891666666666666,182.16,187.16,154,4.6984747727712,0.043181204795837404,0.04387914339701335
08_4_60,7,4_5,127.46000000000001,126.37,97.36,50.55791946308725,52.29818791946309,43.914496644295305,187.09,186,157,5.416623751322429,0.048364965120951335,0.046849719683329266
08_4_60,8,4_5,111.62,122.20000000000002,95.20000000000002,48.105133333333335,45.62,39.5796,169,182,155,6.890148886044821,0.06644518375396728,0.059090367952982586
08_4_60,9,4_5,126.66000000000001,116.77999999999999,106.51,50.47160256410257,51.49525641025641,44.063589743589745,186.15,176.26999999999998,166,6.143275992075602,0.0551720380783081,0.05198319753011068
08_4_60,10,4_5,128.13,125.75,94.1,50.49881578947368,47.984736842105264,40.557565789473685,188.03,185,154,6.970842003822327,0.06057620843251546,0.06173097292582194
04_4_20,1,4_6,23.72,21.72,23.72,5.118387096774194,4.828064516129032,4.9558064516129035,43,41,43,2.2423131386439006,0.00856939156850179,0.004593833287556966
04_4_20,2,4_6,10.240000000000002,10.240000000000002,10.240000000000002,3.908387096774194,3.908387096774194,3.7180645161290324,28.05,28.05,28.05,0.4829948345820109,0.003786516189575195,0.004079540570576985
04_4_20,3,4_6,6.620000000000001,6.620000000000001,6.620000000000001,2.3715384615384614,2.448461538461538,2.3715384615384614,25,25,25,0.3974989652633667,0.0027576764424641926,0.0030072848002115887
04_4_20,4,4_6,10.86,10.86,11.86,3.699310344827586,3.699310344827586,3.216551724137931,27,27,26,0.892163348197937,0.004282410939534505,0.004433377583821615
04_4_20,5,4_6,5.239999999999998,5.239999999999998,15.08,1.7086666666666661,1.8179999999999994,3.535333333333333,24,24,27,0.3766812562942505,0.0011577844619750977,0.0010313669840494792
04_4_20,6,4_6,10.989999999999998,10.989999999999998,10.989999999999998,3.77,3.77,3.2027586206896554,30,30,30,0.9797175725301107,0.0033176978429158527,0.00360564390818278
04_4_20,7,4_6,14.230000000000002,14.230000000000002,14.040000000000003,5.306571428571429,5.306571428571429,4.7542857142857144,34,34,34,1.5192066033681233,0.005208063125610352,0.005148553848266601
04_4_20,8,4_6,9.430000000000001,9.430000000000001,9.430000000000001,3.2705,3.2705,3.2705,27,27,27,0.3702145020167033,0.0018882989883422852,0.0015957752863566081
04_4_20,9,4_6,13.11,13.11,12.41,5.4015625,5.4328125,5.2140625,29,29,29,1.3825212240219116,0.004476165771484375,0.00411067008972168
04_4_20,10,4_6,10.030000000000001,8.030000000000001,10.030000000000001,2.2721739130434786,2.1852173913043482,2.2721739130434786,30,28,30,0.9219626426696778,0.0023937225341796875,0.0031295537948608397
04_4_40,1,4_6,25.29,22.220000000000002,23.29,9.698928571428572,9.346785714285716,8.260178571428572,65,60,63,2.620618303616842,0.011744848887125651,0.01076354185740153
04_4_40,2,4_6,26.310000000000002,28.310000000000002,26.310000000000002,10.329642857142858,9.99232142857143,9.10982142857143,65,66,65,3.826231614748637,0.010244242350260417,0.012368551890055339
04_4_40,3,4_6,32.35,35.370000000000005,30.910000000000004,13.253000000000002,14.454166666666667,11.0945,70,69.99000000000001,70,7.126712314287821,0.013509654998779297,0.013162016868591309
04_4_40,4,4_6,31.140000000000008,27.68,29.68,10.8175,9.39375,9.78421875,69,67,68,2.9882416566212973,0.01719170411427816,0.015337864557902018
04_4_40,5,4_6,36.03,37.64,34.79,12.103333333333333,15.455507246376811,12.121594202898551,76,76,73,4.3601233720779415,0.01750791867574056,0.01868327458699544
04_4_40,6,4_6,26.75,23.75,26.75,8.988490566037735,8.35754716981132,8.033396226415094,66,63,66,3.3377316633860272,0.012593889236450195,0.011246736844380696
04_4_40,7,4_6,21.880000000000003,23.05,19.880000000000003,7.9178000000000015,7.994600000000001,6.9754000000000005,59,57,59,2.0985738674799603,0.010193316141764323,0.008895452817281086
04_4_40,8,4_6,35.15,37.75,35.15,15.269516129032258,13.604354838709678,12.716129032258065,75,75,75,4.344784959157308,0.014313014348347981,0.015001805623372395
04_4_40,9,4_6,24.199999999999996,22.949999999999996,24.199999999999996,7.9944999999999995,9.507,7.794499999999999,64,62.75,64,4.8566123406092325,0.014602581659952799,0.013971702257792155
04_4_40,10,4_6,36.470000000000006,35.99,28.46,15.291857142857143,14.65242857142857,10.396571428571429,75.39,73,68,4.942938574155172,0.02336397171020508,0.022455430030822753
04_4_60,1,4_6,63.56999999999999,65.57,63.56999999999999,25.49284403669725,24.822935779816515,22.856788990825688,121,123,121,8.50993382136027,0.04035499095916748,0.03918860753377278
04_4_60,2,4_6,45.269999999999996,47.18,45.269999999999996,19.06797619047619,17.44666666666667,18.459285714285716,103,107,103,12.142860841751098,0.02055246035257975,0.02145567735036214
04_4_60,3,4_6,52.92,41.370000000000005,47.14,18.542820512820512,17.978717948717946,18.594102564102563,110,100,104,7.142932597796122,0.020542192459106445,0.019868922233581544
04_4_60,4,4_6,60.550000000000004,64.35,60.550000000000004,24.37892156862745,24.935686274509802,23.033431372549018,120,122,120,13.437377627690633,0.03067027727762858,0.030236681302388508
04_4_60,5,4_6,55.06,46.92000000000001,55.06,18.960823529411766,19.291882352941176,17.22129411764706,115,104,115,8.817974003156026,0.024556970596313475,0.02557955582936605
04_4_60,6,4_6,45.88000000000001,44.699999999999996,45.88000000000001,18.883,16.859666666666666,16.763333333333332,103,99,103,7.268499191602071,0.028134584426879883,0.026110164324442544
04_4_60,7,4_6,56.65,51.85,56.17999999999999,18.836315789473684,19.43957894736842,18.259894736842103,116,111,116,7.862671105066935,0.029538655281066896,0.030680720011393228
04_4_60,8,4_6,40.15999999999999,43.949999999999996,40.87,16.930116279069768,18.397558139534883,17.213372093023256,99,103,96,7.90771206219991,0.026469953854878745,0.027605319023132326
04_4_60,9,4_6,62.04,60.559999999999995,62.04,23.053894736842107,21.246315789473684,22.057789473684213,121,117,121,8.444282348950704,0.028568744659423828,0.02989691893259684
04_4_60,10,4_6,38.42999999999999,36.18999999999998,39.14,14.273188405797102,13.582753623188404,15.152753623188403,97,95,97,6.470259102185567,0.0159624973932902,0.015390984217325846
06_4_20,1,4_6,25.21,25.64,24.21,9.242765957446808,9.583191489361703,7.254468085106383,45,45,44,2.002651007970174,0.009741425514221191,0.008387303352355957
06_4_20,2,4_6,24.08,24.08,24.08,8.332558139534884,8.286046511627907,7.590930232558139,43.25,43.25,43.25,1.569467012087504,0.007919621467590333,0.007792425155639648
06_4_20,3,4_6,16.69,16.69,16.349999999999998,6.273684210526316,6.010526315789474,5.978684210526316,36.03,36.03,35.69,0.9086226463317871,0.006532828013102214,0.005977304776509603
06_4_20,4,4_6,17.300000000000004,17.18,17.09,6.792432432432432,6.684324324324324,5.998378378378378,37.120000000000005,37,37,1.6370869000752768,0.00571441650390625,0.006281367937723796
06_4_20,5,4_6,20.319999999999997,20.319999999999997,19.689999999999998,7.039729729729729,7.039729729729729,6.644324324324325,36.769999999999996,36.769999999999996,36.769999999999996,0.6546965996424358,0.006585931777954102,0.005876652399698893
06_4_20,6,4_6,15.749999999999993,15.749999999999993,12.529999999999998,5.025428571428571,5.062285714285714,4.594571428571428,34.16,34.16,32,1.2402383963267007,0.0056511878967285155,0.005225952466328939
06_4_20,7,4_6,16.799999999999997,16.799999999999997,15.229999999999997,6.128857142857142,6.128857142857142,6.450857142857143,32,32,30,0.72486678759257,0.0038893540700276692,0.003990356127421061
06_4_20,8,4_6,13.899999999999999,13.899999999999999,15.21,5.562894736842106,5.562894736842106,5.559210526315789,32,32,30,1.0898645877838136,0.00663143793741862,0.0064957062403361
06_4_20,9,4_6,19.790000000000006,19.790000000000006,19.790000000000006,6.480930232558141,6.480930232558141,6.022558139534885,38.370000000000005,38.370000000000005,38.370000000000005,0.8745269219080607,0.008175547917683918,0.008009926478068034
06_4_20,10,4_6,17.970000000000002,17.970000000000002,17.970000000000002,6.023000000000001,6.04175,5.5525,33.81,33.81,33,1.47553288936615,0.0063850720723470054,0.007486224174499512
06_4_40,1,4_6,43.559999999999995,39.92,39.12,15.788227848101265,15.768481012658228,14.044556962025316,82,79,78.84,3.6380732377370197,0.023801390329996744,0.022221899032592772
06_4_40,2,4_6,57.01,58.05,57.01,24.570108695652173,23.614021739130433,20.173478260869565,97,98,97,4.096358275413513,0.029409368832906086,0.027981781959533693
06_4_40,3,4_6,44.92,44.92,43.67,19.10035294117647,18.616235294117647,16.742470588235296,84,84,82,3.937968548138936,0.024104619026184083,0.02475727399190267
06_4_40,4,4_6,39.67,43.43,37.67,16.69153846153846,17.645384615384614,16.173589743589744,79,82,77,4.7203414360682165,0.025727025667826333,0.021570682525634766
06_4_40,5,4_6,43.449999999999996,40.620000000000005,39.699999999999996,17.273333333333333,17.884942528735632,14.835402298850575,83,80,79,3.968662659327189,0.02713162104288737,0.025079560279846192
06_4_40,6,4_6,61.03999999999999,56.629999999999995,54.03999999999999,23.699411764705882,22.475882352941177,22.53470588235294,101,96,94,5.918386729558309,0.02517515023549398,0.026900800069173177
06_4_40,7,4_6,55.42,53.699999999999996,55.699999999999996,22.972840909090912,23.217386363636365,20.155,94,93,94,3.5670990546544394,0.026885588963826496,0.02910630702972412
06_4_40,8,4_6,35.230000000000004,31.230000000000004,35.230000000000004,14.368611111111111,12.954722222222223,12.103472222222223,75,71,75,129.9575059254964,0.013062516848246256,0.013162978490193685
06_4_40,9,4_6,60.540000000000006,60.07,59.93000000000001,24.39063157894737,23.801157894736843,22.902736842105263,99,99,98,3.9313791831334433,0.019416292508443195,0.020311307907104493
06_4_40,10,4_6,49.11999999999999,56.11999999999999,49.11999999999999,18.14132530120482,20.36156626506024,16.831686746987952,89,96,89,5.239711085955302,0.027200667063395183,0.026156536738077798
06_4_60,1,4_6,81.52000000000001,93.56000000000002,81.52000000000001,31.473852459016395,34.21024590163935,30.33516393442623,139,144.36,139,6.8665626525878904,0.029583088556925454,0.028796044985453288
06_4_60,2,4_6,89.23000000000002,80.23000000000002,68.07,36.575409836065575,33.426885245901644,31.502868852459017,147,140,127,8.316912047068278,0.0281368891398112,0.028112260500590007
06_4_60,3,4_6,82.66,82.00999999999999,72.09,38.47031007751938,37.57658914728682,31.94372093023256,142,138,132,7.4523165384928385,0.0370905876159668,0.036392768224080406
06_4_60,4,4_6,72.25,72.25,70.25,31.177758620689655,29.086206896551722,28.902155172413792,131,131,129,5.677329619725545,0.030167237917582194,0.02964619000752767
06_4_60,5,4_6,76.69,90.36,76.69,38.60344,36.53144,35.35864,134,148,134,7.218018587430318,0.0314517339070638,0.03021078904469808
06_4_60,6,4_6,97.07000000000001,89.79,97.07000000000001,36.45370078740157,35.07574803149606,33.86629921259843,156,148,156,6.205021278063456,0.03185455004374186,0.03200405438741048
06_4_60,7,4_6,96.46000000000001,94.46000000000001,92.33999999999999,38.79188405797102,35.99557971014493,35.165289855072466,156,154,152,9.966358399391174,0.040263009071350095,0.03883952299753825
06_4_60,8,4_6,84.64999999999999,86.87,78.25999999999999,35.522619047619045,38.13063492063492,33.577936507936506,144,145.61,137,6.561793677012125,0.034250855445861816,0.03389415740966797
06_4_60,9,4_6,91.25999999999999,90.25999999999999,91.25999999999999,35.29825396825397,35.33111111111111,32.82539682539683,149,149,149,10.134190956751505,0.04657440185546875,0.0494919220606486
06_4_60,10,4_6,94.18,92.18,83.59,37.29917355371901,35.811570247933886,34.25809917355372,154,152,143,8.412601089477539,0.03217944304148356,0.03113092581431071
08_4_20,1,4_6,21.569999999999997,21.569999999999997,19.82,9.468260869565217,9.359565217391303,8.967391304347826,40.76,40.76,39,3.682698440551758,0.008065056800842286,0.008120838801066082
08_4_20,2,4_6,30.819999999999997,30.819999999999997,30.819999999999997,10.932115384615384,10.932115384615384,9.768461538461539,50,50,50,1.4681563297907512,0.00975643793741862,0.010261011123657227
08_4_20,3,4_6,23.19,23.19,19.759999999999998,9.637,9.59,8.253,42,42,37,4.916539859771729,0.008801881472269695,0.011812464396158854
08_4_20,4,4_6,30.27,30.27,31.23,11.437692307692307,11.437692307692307,10.081153846153846,50.04,50.04,51,3.0310240904490153,0.009777498245239259,0.009714253743489583
08_4_20,5,4_6,33.66,33.66,26.310000000000002,13.31719298245614,13.299649122807017,11.623157894736842,53.129999999999995,53.129999999999995,46,6.625127299626668,0.011702132225036622,0.012235713005065919
08_4_20,6,4_6,23.080000000000005,23.340000000000003,19.54,8.309555555555555,8.465111111111112,7.0297777777777775,41,41.129999999999995,39.129999999999995,1.526068059603373,0.007831494013468424,0.008168578147888184
08_4_20,7,4_6,16.9,17.23,12.899999999999999,7.274102564102564,7.325384615384616,5.861282051282052,36,37,32,0.938917875289917,0.005358004570007324,0.005140924453735351
08_4_20,8,4_6,23.23,19.140000000000004,23.23,7.693720930232558,7.112325581395349,7.926279069767442,43,38.7,43,5.526397411028544,0.006993881861368815,0.00664208730061849
08_4_20,9,4_6,26.42,24.42,26.42,10.734897959183673,10.571632653061224,8.877551020408163,46,44,46,3.940587019920349,0.007530482610066732,0.008090885480244954
08_4_20,10,4_6,18.59,19.09,18.21,6.871190476190477,6.942619047619048,6.325,37,39,37,2.8442754904429117,0.006806715329488119,0.0073486248652140295
08_4_40,1,4_6,68.22,65.89000000000001,56.74999999999999,28.0562,27.979,24.6002,108,105.53,96.53,5.696884346008301,0.033957441647847496,0.030505029360453288
08_4_40,2,4_6,57.68,57.68,57.68,22.895227272727272,22.47840909090909,21.5175,97,97,97,3.410428357124329,0.016834370295206704,0.017740583419799803
08_4_40,3,4_6,62.00000000000001,63.00000000000001,56.33,25.06795918367347,24.386632653061227,22.647857142857145,102,103,96.25,3.626935187975566,0.01930418809254964,0.019570056597391763
08_4_40,4,4_6,76.25999999999999,71.86,65.78999999999999,29.743853211009174,27.761467889908257,24.82550458715596,115.89,111.33,105,4.854532257715861,0.026909335454305013,0.027426775296529135
08_4_40,5,4_6,64.96000000000001,58.65,62.599999999999994,23.902680412371133,22.422474226804123,22.648247422680413,104,97.69,101.69,5.784728113810221,0.022446695963541666,0.021279080708821615
08_4_40,6,4_6,52.07000000000001,48.50000000000001,50.580000000000005,21.694767441860467,19.477093023255815,18.744767441860464,92,88,89,2.7911309083302815,0.015333191553751627,0.015871882438659668
08_4_40,7,4_6,71.08,69.08,71.08,26.05625,25.720576923076923,24.19875,111,106,111,3.631408603986104,0.023792465527852375,0.02272942860921224
08_4_40,8,4_6,66.68,65.29,65.2,24.137788461538463,24.666634615384616,22.541634615384616,106,105,104,3.0493149042129515,0.023415040969848634,0.024135979016621907
08_4_40,9,4_6,50.65,46.84,50.65,20.719418604651164,19.532790697674418,18.16186046511628,89,83,89,2.387830313046773,0.016526285807291666,0.016249656677246094
08_4_40,10,4_6,67.57,63.849999999999994,63.57,26.032178217821784,24.627920792079205,23.61188118811881,106,103,102,6.228709944089254,0.028656506538391115,0.030082893371582032
08_4_60,1,4_6,127.49999999999999,113.30999999999999,111.30999999999999,54.55110429447853,49.991963190184045,50.16920245398773,186,173,171,14.58712158203125,0.06688838799794515,0.0689058780670166
08_4_60,2,4_6,101.14,90.22999999999999,87.82000000000001,42.285104895104894,38.532657342657345,40.91538461538462,160,149,147,12.062337605158488,0.04018104871114095,0.042635838190714516
08_4_60,3,4_6,108.47999999999999,112.7,108.47999999999999,45.95720779220779,45.26681818181818,41.83564935064935,168,172,168,10.571786284446716,0.051055320103963214,0.050257364908854164
08_4_60,4,4_6,132.7,108.57999999999998,117.76,49.569006211180124,47.32664596273292,46.07819875776397,192,167,175,10.188134821256002,0.0511253277460734,0.051814452807108564
08_4_60,5,4_6,113.26,105.38999999999999,94.38999999999999,45.40764705882353,43.006797385620914,41.24424836601307,173,164,154,9.147682110468546,0.04415215651194255,0.043412184715270995
08_4_60,6,4_6,104.57,98.69,104.57,44.37206666666666,41.51206666666666,40.480866666666664,164,158,164,10.546090896924337,0.0462479035059611,0.04474616050720215
08_4_60,7,4_6,114.37,111.61000000000001,105.37,50.67026845637584,47.60771812080537,46.93503355704698,174,170,165,14.65184965133667,0.05760052998860677,0.05862550735473633
08_4_60,8,4_6,107.20000000000002,99.72,107.20000000000002,44.2512,44.09213333333334,41.458933333333334,167,159,166,15.546340068181356,0.05949219862620036,0.06295371850331624
08_4_60,9,4_6,126.46000000000001,116.51,114.58000000000001,52.1174358974359,47.35429487179488,47.092820512820516,186,173,174,9.118838278452555,0.04820130666097005,0.04677816232045492
08_4_60,10,4_6,103.75,96.32999999999998,101.57,44.51894736842105,40.25881578947369,42.77013157894737,163,156,159,16.882349983851114,0.0704312801361084,0.06463882923126221
case,MN,"fcfsavg,llcavg",olcavg
04_3_20,3_4,9.983,10.491999999999999,9.213
04_3_40,3_4,25.586,25.329,20.148000000000003
04_3_60,3_4,56.766999999999996,55.43300000000001,50.906000000000006
06_3_20,3_4,17.054000000000002,17.002000000000002,13.872000000000003
06_3_40,3_4,46.501,46.297,36.281
06_3_60,3_4,91.811,92.1,87.98299999999999
08_3_20,3_4,27.531999999999993,27.593,20.384999999999998
08_3_40,3_4,60.88499999999999,60.730999999999995,47.184000000000005
08_3_60,3_4,116.348,112.66000000000001,108.26500000000001
04_3_20,3_5,10.064,10.226,10.625000000000002
04_3_40,3_5,22.758,22.798,21.383999999999997
04_3_60,3_5,53.984,53.059000000000005,53.968
06_3_20,3_5,15.357,15.277000000000005,14.15
06_3_40,3_5,40.208,38.885000000000005,38.683
06_3_60,3_5,87.34499999999998,85.38399999999999,87.06799999999998
08_3_20,3_5,23.994,23.994,21.724000000000004
08_3_40,3_5,51.205,51.105,49.034
08_3_60,3_5,112.668,104.624,112.56800000000001
04_4_20,4_5,11.892,11.94,11.106000000000002
04_4_40,4_5,31.728,34.019,26.315000000000005
04_4_60,4_5,55.327999999999996,53.483000000000004,46.437
06_4_20,4_5,20.776000000000003,20.735,15.310999999999998
06_4_40,4_5,55.789,55.075,41.423
06_4_60,4_5,94.99600000000001,95.81000000000002,77.98600000000002
08_4_20,4_5,27.319,27.057,19.576
08_4_40,4_5,68.197,67.99100000000001,50.97
08_4_60,4_5,124.38499999999999,122.021,98.75399999999999
04_4_20,4_6,11.447,11.047,12.442
04_4_40,4_6,29.557000000000006,29.471000000000004,27.941999999999997
04_4_60,4_6,52.053,50.263999999999996,51.57000000000001
06_4_20,4_6,18.781,18.811999999999998,18.215
06_4_40,4_6,48.996,48.469,47.11900000000001
06_4_60,4_6,86.59700000000001,87.197,81.114
08_4_20,4_6,24.773,24.273,22.824000000000005
08_4_40,4_6,63.717000000000006,61.064,60.023
08_4_60,4_6,113.94300000000001,105.30699999999999,105.30499999999999
04_3_20,3_4,3.5054800454732145,3.5622638961254864,3.32385636556553
04_3_40,3_4,9.791738043989854,10.028112744594628,7.689097123525114
04_3_60,3_4,21.335226275399442,20.937159784029042,18.221610651312716
06_3_20,3_4,6.499431995296602,6.450675400065729,5.605615848133195
06_3_40,3_4,17.518949390482646,18.00448417623888,13.959973732145594
06_3_60,3_4,34.78434123105666,34.6040510860641,31.64517452590899
08_3_20,3_4,11.319090861711995,11.350340861711995,9.38994141808417
08_3_40,3_4,24.452045314161168,24.42352977064909,19.99828867576009
08_3_60,3_4,45.15162414018292,45.03634327076179,40.270292215261335
04_3_20,3_5,3.7564479758342353,3.757928917597785,3.857228442818306
04_3_40,3_5,8.964252087753518,9.25389272261786,7.810487211428222
04_3_60,3_5,19.756383629989024,19.88428348180957,19.170436126452774
06_3_20,3_5,5.886187037274461,5.905042431054146,5.476265385043159
06_3_40,3_5,16.192717320311466,16.209642865507373,14.848917749871458
06_3_60,3_5,32.49446253427959,31.64691144076453,30.97682851499203
08_3_20,3_5,10.124831551022385,10.169379239283733,9.212469127482962
08_3_40,3_5,21.615303874811605,21.54231347533301,19.962649469259116
08_3_60,3_5,42.983232940432536,40.814291018638706,41.34654042934851
04_4_20,4_5,4.040555686271983,4.032586870737354,3.5187031417382406
04_4_40,4_5,12.02075429230319,12.292813072330508,9.376463188957104
04_4_60,4_5,20.939818282278814,20.890276040634472,17.99758605179594
06_4_20,4_5,7.285525126788011,7.309134662127221,6.024882957356615
06_4_40,4_5,22.336429993944897,21.880439653051923,16.676156847577353
06_4_60,4_5,37.40155653823705,37.37453078958633,31.106152150697806
08_4_20,4_5,9.66966426601157,9.737285511432816,7.986337504532561
08_4_40,4_5,25.71892357139086,25.486835308829264,20.341658488142848
08_4_60,4_5,48.19595571629534,48.05763816866404,40.20464096915775
04_4_20,4_6,3.6827097508196003,3.6667324816068123,3.6511075234770507
04_4_40,4_6,11.166456859983189,11.27584616358502,9.628630964014315
04_4_60,4_6,19.84199010492158,19.40017621888842,18.961204601948133
06_4_20,4_6,6.6902281153356125,6.688053619737625,6.164648246817278
06_4_40,4_6,19.69963819448618,19.633978028862337,17.649709954723885
06_4_60,4_6,35.96664024082556,35.11760112127005,32.77355704640895
08_4_20,4_6,9.567572902959387,9.503609504107738,8.47130545029355
08_4_40,4_6,24.830632280565293,23.905299991215365,22.34982028631737
08_4_60,4_6,47.36999886406942,44.49499108450874,43.89804691926136
04_3_20,3_4,28.756,29.173000000000002,27.052
04_3_40,3_4,63.205999999999996,62.852,57.803999999999995
04_3_60,3_4,115.223,114.5,109.223
06_3_20,3_4,35.556,35.638999999999996,31.4
06_3_40,3_4,84.9,84.93999999999998,74.779
06_3_60,3_4,150.9,151.143,147.1
08_3_20,3_4,46.561,46.461,39.048
08_3_40,3_4,100.162,99.72900000000001,86.03399999999999
08_3_60,3_4,175.81599999999997,172.1,167.7
04_3_20,3_5,28.276,28.659000000000002,28.681
04_3_40,3_5,60.737,61.098,58.999
04_3_60,3_5,113.0,111.901,112.9
06_3_20,3_5,33.772999999999996,33.534,31.878999999999998
06_3_40,3_5,79.038,77.635,77.4
06_3_60,3_5,146.71800000000002,144.725,146.318
08_3_20,3_5,42.544,42.544,39.949
08_3_40,3_5,90.037,89.61200000000001,88.128
08_3_60,3_5,172.0,163.8,171.9
04_4_20,4_5,30.139,30.139,27.544
04_4_40,4_5,70.702,72.32000000000001,64.44800000000001
04_4_60,4_5,112.676,110.65,104.5
06_4_20,4_5,39.503,39.357,33.147999999999996
06_4_40,4_5,95.00699999999999,94.048,80.2
06_4_60,4_5,153.81599999999997,154.33700000000002,136.436
08_4_20,4_5,46.45,46.15,37.933
08_4_40,4_5,107.34400000000001,107.28399999999999,89.7
08_4_60,4_5,183.35,181.043,157.8
04_4_20,4_6,29.705000000000002,29.305,29.905
04_4_40,4_6,68.439,66.974,67.1
04_4_60,4_6,110.5,108.1,109.6
06_4_20,4_6,36.851000000000006,36.839000000000006,36.007999999999996
06_4_40,4_6,88.3,87.8,86.384
06_4_60,4_6,145.2,144.997,139.8
08_4_20,4_6,43.892999999999994,43.57599999999999,42.013
08_4_40,4_6,103.08899999999998,99.955,99.147
08_4_60,4_6,173.3,164.1,164.3
