case,num,MN,FCFS max_delay,last lane change max_delay,out_lane_change max_delay,FCFS mean_delay,last lane change mean_delay,out_lane_change mean_delay,FCFS maxe,last lane change maxe,out_lane_change maxe
04_3_20,1,3_4,5.530000000000001,5.530000000000001,10.700000000000003,1.5127777777777782,1.5127777777777782,3.139444444444445,22.55,22.56,27.55
04_3_20,2,3_4,11.469999999999999,11.469999999999999,8.8,3.819565217391304,3.819565217391304,2.956086956521739,30,30,26.1
04_3_20,3,3_4,11.950000000000001,11.950000000000001,12.61,5.165416666666666,5.165416666666666,5.983333333333333,29.71,29.71,30.23
04_3_20,4,3_4,9.7,9.7,9.7,3.1127777777777776,3.1127777777777776,2.746111111111111,26.47,26.47,24.47
04_3_20,5,3_4,6.800000000000001,6.800000000000001,5.649999999999997,2.0616666666666665,2.117222222222222,1.839444444444444,21.85,21.85,20.75
04_3_20,6,3_4,8.64,8.64,8.620000000000001,3.5047368421052636,3.5047368421052636,2.812105263157895,27.3,27.3,27.3
04_3_20,7,3_4,8.15,8.15,8.15,2.5038095238095233,2.456190476190476,3.278571428571428,23,23,26.85
04_3_20,8,3_4,14.870000000000001,14.870000000000001,9.940000000000001,6.360357142857143,6.360357142857143,4.038928571428571,34,34,28
04_3_20,9,3_4,10.059999999999999,10.059999999999999,9.780000000000001,3.4583999999999997,3.4583999999999997,3.348,29.06,29.06,27.5
04_3_20,10,3_4,11.650000000000002,11.650000000000002,8.419999999999998,3.704615384615385,3.684615384615385,3.706538461538462,29.740000000000002,29.740000000000002,27.509999999999998
04_3_40,1,3_4,15.829999999999998,15.829999999999998,8.919999999999996,5.668918918918918,6.101351351351351,3.099459459459459,50.74,50.74,41.480000000000004
04_3_40,2,3_4,24.54,24.54,13.659999999999997,7.898163265306123,7.955510204081634,6.074897959183674,64,64,52.33
04_3_40,3,3_4,20.259999999999994,20.259999999999994,11.959999999999997,9.984999999999998,9.589347826086954,5.802173913043477,54.36,54.36,47
04_3_40,4,3_4,34.37,34.37,14.369999999999997,10.960754716981132,10.677735849056603,5.999811320754717,71,71,52
04_3_40,5,3_4,29.699999999999996,29.699999999999996,16.660000000000004,9.036538461538461,9.036538461538461,5.958269230769231,67.87,67.87,56
04_3_40,6,3_4,17.430000000000007,17.89,9.760000000000005,5.629761904761906,5.415476190476191,3.710238095238096,54.67,56.67,47
04_3_40,7,3_4,14.170000000000002,14.170000000000002,6.32,3.6510810810810814,3.5429729729729735,2.1978378378378385,52.49,52.49,42.89
04_3_40,8,3_4,18.989999999999995,18.549999999999997,12.279999999999994,6.5042222222222215,6.301333333333332,4.571999999999999,58,57,51
04_3_40,9,3_4,9.020000000000003,9.020000000000003,7.369999999999999,4.4886842105263165,4.4886842105263165,2.579473684210527,49,49,43
04_3_40,10,3_4,29.970000000000002,29.970000000000002,18.860000000000003,9.33,9.253076923076923,5.976346153846154,67.09,67.09,53.59
04_3_60,1,3_4,31.509999999999998,29.509999999999998,21.520000000000003,10.727540983606557,10.950983606557378,6.450655737704919,90,88,80
04_3_60,2,3_4,28.220000000000006,26.910000000000004,17.460000000000008,11.378840579710145,10.995072463768116,8.209565217391305,87,85.69,75
04_3_60,3,3_4,34.010000000000005,35.010000000000005,21.840000000000003,12.931076923076924,13.471230769230772,8.407384615384617,93,93.66,80
04_3_60,4,3_4,41.39000000000001,42.39000000000001,28.390000000000008,17.455526315789474,17.961315789473687,10.949210526315792,100,101,86
04_3_60,5,3_4,48.79,44.79,28.470000000000006,18.136962025316453,17.62772151898734,11.307088607594936,105,101,87.01
04_3_60,6,3_4,28.979999999999997,28.979999999999997,20.619999999999997,13.275454545454542,13.385757575757573,8.061666666666666,87.36,87.36,79.77000000000001
04_3_60,7,3_4,13.93,13.93,8.46,6.681923076923079,6.575000000000002,3.8630769230769246,71,69,64
04_3_60,8,3_4,22.65,22.65,15.679999999999986,8.759193548387096,8.710806451612902,6.9954838709677425,79.75999999999999,79.75999999999999,72.03999999999999
04_3_60,9,3_4,25.29000000000002,25.29000000000002,21.55000000000001,10.655303030303031,10.737424242424243,6.143484848484851,83.74000000000001,83.74000000000001,78.22999999999999
04_3_60,10,3_4,44.230000000000004,44.150000000000006,22.790000000000006,17.024266666666666,16.904266666666665,9.572799999999999,102.44,102.44,82
06_3_20,1,3_4,14.259999999999998,14.259999999999998,11.88,5.361428571428571,5.361428571428571,4.876428571428571,33.03,33.03,27.42
06_3_20,2,3_4,8.480000000000002,8.480000000000002,8.480000000000002,2.521363636363637,2.521363636363637,2.204545454545455,25.240000000000002,25.240000000000002,23
06_3_20,3,3_4,16.950000000000003,16.950000000000003,16.089999999999996,6.33074074074074,6.33074074074074,5.478888888888889,35,35,31
06_3_20,4,3_4,14.850000000000001,14.850000000000001,12.25,5.416875000000001,5.400625000000001,5.15,34.46,34.46,30.48
06_3_20,5,3_4,25.77,25.77,16.64,8.9025,8.9025,6.893055555555556,45.54,45.54,36.43
06_3_20,6,3_4,14.070000000000004,14.070000000000004,12.95,6.929354838709678,6.929354838709678,6.053870967741936,32.8,32.8,31.87
06_3_20,7,3_4,15.669999999999998,15.669999999999998,13.989999999999998,5.867857142857142,5.867857142857142,5.745,33.29,33.29,32.29
06_3_20,8,3_4,18.720000000000006,18.720000000000006,16.5,6.8040625000000015,6.8040625000000015,6.7162500000000005,38.370000000000005,38.370000000000005,36
06_3_20,9,3_4,11.34,11.34,9.630000000000003,4.441666666666666,4.441666666666666,4.73,28.58,28.58,27.3
06_3_20,10,3_4,13.319999999999997,13.319999999999997,10.61,5.622413793103448,5.622413793103448,4.634137931034482,31.68,31.68,29
06_3_40,1,3_4,27.499999999999993,27.499999999999993,20.29999999999999,11.922363636363636,11.976909090909091,7.398727272727271,66.28999999999999,66.28999999999999,54.07000000000001
06_3_40,2,3_4,45.7,45.7,28.700000000000003,18.440757575757573,18.380151515151514,13.199242424242424,85,85,66
06_3_40,3,3_4,42.39,43.39,25.07999999999999,14.333387096774194,14.678225806451612,10.919193548387097,82,83,65.07
06_3_40,4,3_4,39.12,39.12,20.560000000000002,12.018474576271187,11.865084745762712,10.122033898305084,76,76,60
06_3_40,5,3_4,29.200000000000003,29.200000000000003,20.339999999999996,13.201636363636364,13.219818181818182,8.786545454545454,67.35,67.35,55.35
06_3_40,6,3_4,38.14999999999999,38.14999999999999,25.14999999999999,12.905396825396826,12.572063492063492,10.189047619047619,77.6,77.6,64.6
06_3_40,7,3_4,37.790000000000006,37.790000000000006,28.259999999999998,14.011967213114756,14.011967213114756,12.151803278688526,72.87,72.87,63.870000000000005
06_3_40,8,3_4,35.13,35.13,22.860000000000007,12.867796610169494,12.867796610169494,8.962711864406781,75,75,60
06_3_40,9,3_4,52.57999999999999,51.79,29.36,17.246119402985077,17.20134328358209,12.473880597014926,91.78999999999999,91,68.06
06_3_40,10,3_4,51.080000000000005,51.080000000000005,30.950000000000003,18.31058823529412,18.237058823529413,14.353382352941178,90.97,90.97,70
06_3_60,1,3_4,59.13,60.13,39.04,23.345222222222223,23.167444444444445,16.790999999999997,119.09,120.09,99
06_3_60,2,3_4,55.26999999999999,55.26999999999999,38.31999999999999,20.496071428571426,20.419761904761902,14.695714285714285,114.00999999999999,114.00999999999999,98
06_3_60,3,3_4,51.31,52.31,35.400000000000006,18.416516853932585,17.877191011235954,14.167752808988766,109.47,110.47,93.56
06_3_60,4,3_4,54.48999999999999,54.48999999999999,30.89,21.961860465116278,22.36023255813953,12.946744186046509,112.25999999999999,112.25999999999999,90
06_3_60,5,3_4,79.59,79.66,53.660000000000004,26.621176470588235,26.454509803921567,20.796666666666667,138,139,112
06_3_60,6,3_4,62.980000000000004,61.82,33.639999999999986,27.058571428571426,26.29153846153846,17.924615384615382,122.4,121.4,93
06_3_60,7,3_4,74.44,74.44,48.260000000000005,32.355242718446604,32.620485436893205,19.77747572815534,132,132,105
06_3_60,8,3_4,70.67999999999999,70.67999999999999,47.67999999999999,26.713936170212765,26.284787234042554,18.25627659574468,129.0,129.0,106
06_3_60,9,3_4,57.91999999999999,57.91999999999999,38.96999999999999,24.235104166666662,24.360104166666662,20.480312499999997,117.22,117.22,98
06_3_60,10,3_4,82.31,82.31,44.309999999999995,32.711782178217824,32.24465346534653,22.751386138613864,140.41,140.41,101.34
08_3_20,1,3_4,29.28,29.28,21.28,12.848205128205128,12.848205128205128,9.302307692307693,49.06,49.06,40.730000000000004
08_3_20,2,3_4,20.509999999999998,20.509999999999998,15.46,7.11125,7.11125,7.20125,37.05,37.05,33.14
08_3_20,3,3_4,29.98,29.98,20.67,11.133333333333333,11.133333333333333,9.481904761904762,49.120000000000005,49.120000000000005,39.120000000000005
08_3_20,4,3_4,27.950000000000003,27.950000000000003,20.28,11.373500000000002,11.373500000000002,9.051,46.980000000000004,46.980000000000004,37.18
08_3_20,5,3_4,33.03,33.03,22.46,12.376511627906977,12.376511627906977,9.873720930232558,52.68,52.68,42.11
08_3_20,6,3_4,25.94,25.94,18.159999999999997,9.113783783783783,9.14081081081081,7.523513513513513,43,43,37.519999999999996
08_3_20,7,3_4,24.16,24.16,20.450000000000003,7.891562500000001,7.985312500000001,6.404062500000001,41,41,35
08_3_20,8,3_4,25.71,25.71,20.630000000000003,10.332619047619048,10.332619047619048,8.382380952380954,44.85,44.85,40
08_3_20,9,3_4,30.400000000000002,30.400000000000002,22.169999999999998,12.541463414634146,12.541463414634146,10.605365853658537,50,50,41
08_3_20,10,3_4,35.769999999999996,35.769999999999996,28.599999999999994,17.111590909090907,17.111590909090907,13.614999999999998,52.3,52.3,43.769999999999996
08_3_40,1,3_4,54.440000000000005,54.440000000000005,33.089999999999996,21.069166666666668,21.069166666666668,14.672361111111114,92,92,72
08_3_40,2,3_4,39.35,39.35,25.410000000000004,16.245396825396824,16.356507936507935,12.003809523809524,78.94,78.94,63.28
08_3_40,3,3_4,50.12,50.12,31.479999999999997,20.994647887323946,20.994647887323946,15.535211267605634,89,89,71.21000000000001
08_3_40,4,3_4,61.13,61.13,38.93,26.057142857142857,25.523896103896103,18.875974025974028,100.66,100.66,77.61
08_3_40,5,3_4,60.68,60.68,38.300000000000004,23.682025316455697,23.682025316455697,18.464936708860762,98,98,74.06
08_3_40,6,3_4,52.44,52.44,39.44,21.054473684210524,21.054473684210524,18.424605263157893,91.44,91.44,76.44
08_3_40,7,3_4,44.309999999999995,44.309999999999995,36.699999999999996,18.33554054054054,18.33554054054054,15.12378378378378,83.69,83.69,73.69
08_3_40,8,3_4,43.63,43.63,30.630000000000003,18.224637681159418,18.40927536231884,14.463768115942027,82,82,69
08_3_40,9,3_4,73.8,73.8,45.42,26.992247191011234,26.992247191011234,20.620449438202247,113.38,113.38,84
08_3_40,10,3_4,66.92,66.92,38.84,24.033012048192774,23.91204819277109,17.921927710843374,106.34,106.34,77.34
08_3_60,1,3_4,94.39,97.05,61.83,36.81666666666666,36.98760683760684,27.68982905982906,154,156.44,120
08_3_60,2,3_4,91.34,91.34,56.3,35.63125,35.24375,25.435803571428572,149.3,149.3,114
08_3_60,3,3_4,84.17,82.17,53.17,32.8551376146789,32.02944954128441,23.791284403669724,142,140,112
08_3_60,4,3_4,97.22,97.22,56.75000000000001,41.64433333333333,41.34433333333333,27.17425,157,157,116.24000000000001
08_3_60,5,3_4,74.97,73.97,50.39999999999999,32.99317757009346,32.722149532710276,25.384953271028035,134,133,110
08_3_60,6,3_4,107.49999999999999,107.49999999999999,65.98,47.652480000000004,47.64448000000001,29.798080000000002,167.26999999999998,167.26999999999998,125.17
08_3_60,7,3_4,98.61999999999998,98.53999999999999,52.91999999999999,40.92252173913043,40.65417391304348,27.665826086956518,158.14,157.14,111.3
08_3_60,8,3_4,91.91,93.91,58.4,40.155175438596494,40.01482456140351,27.867368421052632,151.45,153.45,115
08_3_60,9,3_4,100.69000000000001,102.97,59.78,43.699829059829064,43.64752136752137,27.204529914529918,160.46,162.19,117.0
08_3_60,10,3_4,86.04999999999998,86.04999999999998,52.80999999999999,34.64934579439252,35.18616822429906,23.275140186915884,146,146,112
04_3_20,1,3_5,5.98,5.150000000000002,10.780000000000001,2.0183333333333335,1.9561111111111114,3.8911111111111114,23.56,24,26.55
04_3_20,2,3_5,8.36,8.36,6.800000000000001,2.7317391304347822,2.7752173913043476,2.266086956521739,24.25,24.25,24
04_3_20,3,3_5,13.600000000000005,13.600000000000005,11.98,4.950416666666667,4.950416666666667,5.575833333333334,32.230000000000004,32.230000000000004,30.23
04_3_20,4,3_5,5.24,5.24,5.0,1.97,1.97,1.6922222222222223,21.47,21.47,20.47
04_3_20,5,3_5,7.799999999999999,7.799999999999999,5.919999999999996,1.9838888888888886,2.039444444444444,1.4072222222222217,21.85,21.85,20.72
04_3_20,6,3_5,7.68,7.68,7.51,2.8515789473684214,2.8515789473684214,2.3647368421052635,26.69,26.69,24.69
04_3_20,7,3_5,8.59,8.59,9.459999999999997,3.038095238095238,3.0657142857142854,3.72095238095238,25.85,25.85,26.72
04_3_20,8,3_5,12.720000000000002,12.720000000000002,11.870000000000001,3.8525000000000005,3.8525000000000005,3.793214285714286,31.85,31.85,31
04_3_20,9,3_5,10.8,10.8,9.12,4.3012,4.3012,3.4804,28.45,28.45,27.06
04_3_20,10,3_5,11.310000000000002,11.310000000000002,11.310000000000002,4.525384615384615,4.525384615384615,4.379615384615384,29.509999999999998,29.509999999999998,28.18
04_3_40,1,3_5,9.919999999999996,9.919999999999996,10.269999999999998,4.568648648648648,4.54027027027027,3.945945945945946,45,44.65,42
04_3_40,2,3_5,22.63,22.63,21.659999999999997,6.40734693877551,6.346122448979592,5.77469387755102,61.33,61.33,60.7
04_3_40,3,3_5,11.459999999999994,11.459999999999994,12.079999999999995,6.164347826086955,6.073478260869564,5.742826086956519,50,50,49
04_3_40,4,3_5,23.479999999999997,23.479999999999997,18.019999999999996,9.663962264150943,9.13566037735849,8.376415094339622,56,56,55
04_3_40,5,3_5,22.660000000000004,22.61,17.259999999999998,6.975961538461537,7.075961538461537,6.574038461538461,61.76,61.209999999999994,56.599999999999994
04_3_40,6,3_5,12.620000000000005,13.620000000000005,11.649999999999999,3.6380952380952385,3.98952380952381,3.2980952380952395,48.67,48.67,47.050000000000004
04_3_40,7,3_5,8.320000000000007,9,9,3.5943243243243246,3.6213513513513513,2.790540540540541,45.730000000000004,45,42.14
04_3_40,8,3_5,14.86,14.639999999999993,11.639999999999993,5.340222222222221,5.1066666666666665,4.1866666666666665,54,54,51.4
04_3_40,9,3_5,11.370000000000001,11.370000000000001,11.370000000000001,5.034473684210527,4.996315789473685,3.9586842105263167,44.33,44.33,43.33
04_3_40,10,3_5,21.779999999999998,22.77,19.779999999999998,8.679423076923076,9.315576923076922,7.621346153846153,59.59,60.01,57
04_3_60,1,3_5,26.65,26.770000000000003,26.65,9.262295081967213,9.898852459016394,8.826229508196722,85.25,85.25,85.12
04_3_60,2,3_5,25.01999999999999,25.01999999999999,23.200000000000003,9.225797101449276,9.364492753623189,8.990144927536232,83,83,82
04_3_60,3,3_5,25.010000000000005,25.010000000000005,25.010000000000005,9.13969230769231,9.20123076923077,8.560923076923078,83,84,83
04_3_60,4,3_5,34.01000000000001,34.01000000000001,32.81000000000001,13.748421052631581,14.327368421052633,12.941973684210527,93.15,92,90
04_3_60,5,3_5,33.46,34.56,31.000000000000007,13.087848101265822,12.960886075949366,11.56240506329114,92,90.25,89.25
04_3_60,6,3_5,26.1,23.61,20.709999999999994,10.28681818181818,9.37772727272727,7.055454545454544,85,81,79.25
04_3_60,7,3_5,11.920000000000009,11.920000000000009,9.920000000000009,5.155769230769233,4.647884615384617,4.228846153846154,67,67.41999999999999,66
04_3_60,8,3_5,19.309999999999995,19.60000000000001,16.679999999999986,7.065967741935485,6.7762903225806435,6.45193548387097,76.75999999999999,76.03999999999999,75.03999999999999
04_3_60,9,3_5,23.57999999999999,23.57999999999999,22.35,7.991060606060608,7.966212121212123,6.755151515151517,82.22999999999999,82.22999999999999,81
04_3_60,10,3_5,38.06999999999999,35.790000000000006,34.019999999999996,13.8252,12.947066666666666,11.58,96.05,94,92
06_3_20,1,3_5,13.869999999999997,13.869999999999997,12.88,4.936428571428571,4.936428571428571,3.9425,31.03,31.03,26.42
06_3_20,2,3_5,6.890000000000004,6.890000000000004,5.790000000000003,2.424545454545455,2.424545454545455,2.5295454545454548,25.240000000000002,25.240000000000002,24.04
06_3_20,3,3_5,11.950000000000003,11.950000000000003,11.430000000000001,5.378888888888889,5.378888888888889,5.326296296296296,30,30,28
06_3_20,4,3_5,15.79,15.79,15.79,6.605,6.605,6.591875,34.36,34.36,34.36
06_3_20,5,3_5,23.689999999999998,23.689999999999998,23.46,9.408611111111112,9.408611111111112,8.426388888888889,43.54,43.54,43.43
06_3_20,6,3_5,11.999999999999996,11.999999999999996,10.93,4.297741935483871,4.297741935483871,4.044516129032258,31.13,31.13,30
06_3_20,7,3_5,16.669999999999998,16.669999999999998,13.510000000000002,5.108214285714285,5.1796428571428565,4.583571428571428,34.29,34.29,29.810000000000002
06_3_20,8,3_5,17.720000000000006,17.720000000000006,13.860000000000001,6.461562500000001,6.461562500000001,5.7965625,36.370000000000005,36.370000000000005,32.15
06_3_20,9,3_5,8.630000000000003,8.630000000000003,11.630000000000003,3.075833333333334,3.105000000000001,3.920000000000001,24.3,24.3,25.58
06_3_20,10,3_5,12.29,12.29,12.29,4.369655172413793,4.369655172413793,4.141379310344828,31.68,31.68,31.68
06_3_40,1,3_5,31.79,29.58,27.809999999999995,11.306363636363635,11.418181818181816,10.237090909090908,65.28999999999999,65.28999999999999,65
06_3_40,2,3_5,34.04,34.04,31.04,14.441515151515151,15.051363636363636,13.211060606060606,74,74,71
06_3_40,3,3_5,38.459999999999994,38.459999999999994,35.87,15.235,15.218870967741935,12.86,77.07,77.07,75.07
06_3_40,4,3_5,30.330000000000005,30.330000000000005,28.60000000000001,11.554915254237288,11.607118644067796,10.783389830508474,69.57,69.57,66.57
06_3_40,5,3_5,22.760000000000005,22.760000000000005,17.360000000000007,11.23690909090909,10.835090909090908,8.529818181818182,60.35,60.05,56.35
06_3_40,6,3_5,35.790000000000006,35.790000000000006,30.67,11.56920634920635,11.56920634920635,10.751111111111111,75.24000000000001,75.24000000000001,70
06_3_40,7,3_5,28.060000000000002,28.060000000000002,27.349999999999994,10.868688524590164,10.782622950819674,10.962459016393442,65,65,64.28999999999999
06_3_40,8,3_5,25.220000000000006,25.220000000000006,22.130000000000003,9.069322033898306,9.137118644067797,9.197118644067798,65,65,62
06_3_40,9,3_5,37.809999999999995,37.809999999999995,33.57999999999999,15.495970149253731,15.495970149253731,14.35,77.02,77.02,72.78999999999999
06_3_40,10,3_5,41.88000000000001,41.88000000000001,37.88000000000001,15.246617647058827,14.996617647058827,14.66794117647059,79.93,79.93,75.93
06_3_60,1,3_5,45.01,45.58999999999999,45.01,18.302777777777777,17.297666666666665,17.889666666666663,104.97,104.97,103.97
06_3_60,2,3_5,46.26,45.519999999999996,42.48,17.04845238095238,15.86654761904762,15.215833333333334,105,104,101.22
06_3_60,3,3_5,44.910000000000004,44.910000000000004,44.910000000000004,18.242584269662924,18.70483146067416,17.12505617977528,104.47,104.47,104.47
06_3_60,4,3_5,44.49999999999999,44.46999999999999,40.99999999999999,18.213255813953484,18.076744186046508,15.18162790697674,102.25999999999999,102.25999999999999,100.77
06_3_60,5,3_5,63.59,59.77,61.59,25.381372549019606,24.173431372549018,21.91764705882353,122,119.11,120
06_3_60,6,3_5,47.82,47.82,47.82,20.2321978021978,20.078351648351646,18.20153846153846,107.4,107.4,107.4
06_3_60,7,3_5,58.52,58.52,55.52,24.98135922330097,24.987864077669904,21.725436893203884,117,117,114
06_3_60,8,3_5,55.32,55.32,54.32,18.51585106382979,19.696702127659574,17.962659574468084,113.43,113.43,112.43
06_3_60,9,3_5,47.459999999999994,47.459999999999994,45.1,23.558854166666663,23.37364583333333,20.87739583333333,106.94,106.94,103.94
06_3_60,10,3_5,58.309999999999995,58.309999999999995,53.309999999999995,24.137128712871288,23.929207920792077,20.834059405940593,117.41,117.41,110.41
08_3_20,1,3_5,27.02,27.02,23.629999999999995,10.474358974358974,10.474358974358974,9.577948717948718,45.41,45.41,43.41
08_3_20,2,3_5,16.6,16.6,15.600000000000001,7.069687500000001,6.944687500000001,7.15,35.14,35.14,35
08_3_20,3,3_5,28.53,28.53,27.53,11.275238095238095,11.275238095238095,10.261904761904761,48,48,47
08_3_20,4,3_5,27.28,27.28,23.0,11.3255,11.3255,10.001,45.980000000000004,45.980000000000004,41
08_3_20,5,3_5,24.389999999999997,24.389999999999997,22.599999999999998,12.35046511627907,12.35046511627907,11.775813953488372,43.68,43.68,42.16
08_3_20,6,3_5,21.68,21.68,21.68,8.624054054054053,8.624054054054053,8.941891891891892,41,41,40
08_3_20,7,3_5,20.450000000000003,20.450000000000003,20.450000000000003,9.1553125,9.1553125,8.6540625,37,37,36
08_3_20,8,3_5,26.480000000000004,26.480000000000004,26.480000000000004,9.927857142857144,9.927857142857144,9.475476190476192,46.31,46.31,46.31
08_3_20,9,3_5,24.5,24.5,24.129999999999995,11.187317073170732,11.187317073170732,10.966829268292683,44,44,43.629999999999995
08_3_20,10,3_5,30.769999999999996,30.769999999999996,27.219999999999995,14.312727272727273,14.312727272727273,12.89840909090909,47.769999999999996,47.769999999999996,46.769999999999996
08_3_40,1,3_5,49.900000000000006,49.900000000000006,47.900000000000006,17.99527777777778,17.99527777777778,16.921805555555558,89.17,89.17,87.17
08_3_40,2,3_5,35.690000000000005,35.690000000000005,29.4,14.21952380952381,14.297460317460319,13.923333333333334,74.28,74.28,68.28
08_3_40,3,3_5,37.88000000000001,37.88000000000001,36.12,16.249014084507042,16.249014084507042,14.859154929577464,77.21000000000001,77.21000000000001,76
08_3_40,4,3_5,48.239999999999995,48.239999999999995,43.150000000000006,19.712207792207792,19.783116883116882,17.197792207792208,87.03,87.61,82.03
08_3_40,5,3_5,52.53,52.53,45.49000000000001,21.640253164556963,21.640253164556963,19.529367088607597,92,92,84
08_3_40,6,3_5,49.300000000000004,49.300000000000004,43.0,19.77236842105263,19.719736842105263,18.50842105263158,88,88,82
08_3_40,7,3_5,48.62999999999999,48.62999999999999,45.62999999999999,19.272297297297293,19.305675675675673,16.786351351351346,88.00999999999999,88.00999999999999,84.00999999999999
08_3_40,8,3_5,44.009999999999984,44.009999999999984,41.85999999999999,18.246086956521737,18.246086956521737,16.151884057971014,81.75999999999999,81.75999999999999,80.75999999999999
08_3_40,9,3_5,62.519999999999996,62.519999999999996,60.779999999999994,24.6776404494382,24.6776404494382,24.464831460674155,102,102,100
08_3_40,10,3_5,55.72000000000001,55.72000000000001,49.230000000000004,23.861686746987953,23.861686746987953,20.902409638554218,94.82,94.82,89
08_3_60,1,3_5,74.39,74.39,68.39,32.98888888888889,32.509743589743586,29.547521367521366,134,134,127
08_3_60,2,3_5,70.03999999999999,70.03999999999999,67.39999999999999,29.693749999999998,29.64910714285714,27.355267857142856,129,129,127
08_3_60,3,3_5,62.730000000000004,63.910000000000004,61.33,27.21623853211009,27.31348623853211,23.046697247706422,122,122,120.16
08_3_60,4,3_5,75.75,75.75,74.16,32.11725,32.014916666666664,30.776916666666665,135,135,132
08_3_60,5,3_5,63.029999999999994,63.029999999999994,55.64,28.19570093457944,28.208130841121495,25.252616822429903,123,123,115
08_3_60,6,3_5,80.49999999999999,80.49999999999999,76.49999999999999,36.133680000000005,35.702,31.13392,140.26999999999998,140.26999999999998,136.26999999999998
08_3_60,7,3_5,72.61999999999999,72.61999999999999,72.47999999999999,32.792782608695646,32.792782608695646,29.399391304347823,131,131,132
08_3_60,8,3_5,77.59,77.59,66.98,33.31377192982456,33.31377192982456,29.015087719298247,136,136,126.52
08_3_60,9,3_5,77.23,75.07000000000002,67.49000000000001,34.26205128205128,34.815384615384616,28.221623931623935,135.0,133.46,127.46000000000001
08_3_60,10,3_5,61.690000000000005,61.690000000000005,59.690000000000005,26.73719626168224,26.718504672897193,22.98616822429906,121.08,121.08,119
04_4_20,1,4_5,12.830000000000002,12.830000000000002,7.780000000000001,4.268064516129032,4.268064516129032,2.846129032258065,31,31,27
04_4_20,2,4_5,12.240000000000002,12.240000000000002,7.510000000000002,4.104516129032259,4.104516129032259,3.491935483870968,30.05,30.05,24.96
04_4_20,3,4_5,7.77,7.77,6.620000000000001,2.5676923076923077,2.5676923076923077,2.2865384615384614,25.53,25.53,23.53
04_4_20,4,4_5,9.11,9.11,10.86,3.229655172413793,3.229655172413793,3.288965517241379,28,28,25
04_4_20,5,4_5,2.6799999999999997,3.8599999999999994,12.08,0.8179999999999995,1.0513333333333328,2.311333333333333,21.32,22.32,25
04_4_20,6,4_5,10.16,10.16,8.4,3.429655172413793,3.429655172413793,2.816551724137931,27,27,25
04_4_20,7,4_5,15.14,15.14,11.12,4.926857142857144,4.926857142857144,4.208571428571429,34.31,34.31,28.5
04_4_20,8,4_5,8.440000000000001,8.440000000000001,8.440000000000001,2.321,2.321,2.1205000000000003,23.21,23.21,23.21
04_4_20,9,4_5,15.41,15.41,15.41,5.5303125,5.5303125,4.9184375,31.5,31.5,29.5
04_4_20,10,4_5,5.420000000000002,5.420000000000002,4.280000000000001,1.2821739130434788,1.2821739130434788,1.0360869565217397,24.64,24.64,22.380000000000003
04_4_40,1,4_5,21.410000000000004,21.410000000000004,12.220000000000002,7.753928571428571,7.700357142857143,4.047321428571429,60.56,60.56,47.78
04_4_40,2,4_5,23.310000000000002,23.310000000000002,12.310000000000002,9.205,9.2025,4.561071428571429,62,62,49
04_4_40,3,4_5,31.940000000000005,31.940000000000005,14.180000000000007,11.842500000000001,11.859166666666667,5.942666666666668,70.99000000000001,70.99000000000001,52.230000000000004
04_4_40,4,4_5,31.68,31.68,15.68,11.939843750000001,11.939843750000001,7.12390625,70.87,70.87,54
04_4_40,5,4_5,31.299999999999997,31.299999999999997,15.68,11.47391304347826,11.47391304347826,7.153333333333333,68,68,54
04_4_40,6,4_5,20.619999999999997,20.619999999999997,13.25,8.172075471698113,8.172075471698113,4.979245283018868,58,58,48.29
04_4_40,7,4_5,16.129999999999995,16.129999999999995,8.899999999999999,5.806200000000002,5.756000000000002,3.1973999999999996,54.019999999999996,54.019999999999996,44.480000000000004
04_4_40,8,4_5,26.620000000000005,25.360000000000007,15.939999999999998,9.026774193548388,9.074354838709677,6.12725806451613,65,64.21000000000001,54.21
04_4_40,9,4_5,21.83,24.199999999999996,13.240000000000002,7.754666666666666,8.352666666666666,5.524,60.54,64,51.06
04_4_40,10,4_5,31.459999999999994,33.459999999999994,21.1,13.137714285714285,13.178285714285714,7.624285714285714,70,72,54
04_4_60,1,4_5,54.56999999999999,55.84000000000001,32.56999999999999,18.065963302752294,18.52045871559633,12.0497247706422,112,112,91
04_4_60,2,4_5,32.18,30.18,14.950000000000003,10.519761904761907,10.44059523809524,6.714404761904763,92,87,69
04_4_60,3,4_5,30.049999999999997,31.049999999999997,18.049999999999997,11.887564102564102,11.596794871794872,7.5908974358974355,85.67,85.67,72
04_4_60,4,4_5,47.12,50.12,25.869999999999997,17.872745098039214,18.26490196078431,10.95,105.57,108.57,84.32
04_4_60,5,4_5,32.99,36.21,20.110000000000007,11.767529411764707,10.792705882352942,6.944117647058825,91.72,90.72,79
04_4_60,6,4_5,34.03999999999999,34.03999999999999,22.090000000000003,15.032888888888888,14.848999999999998,10.245888888888889,88,87,76
04_4_60,7,4_5,49.499999999999986,53.40999999999999,25.240000000000002,15.931684210526313,17.263894736842104,9.410210526315788,109.32,113.32,84.32
04_4_60,8,4_5,40.81,41.12999999999999,20.770000000000003,15.245581395348836,15.277906976744186,9.120581395348836,97,95,76
04_4_60,9,4_5,44.96000000000001,46.96000000000001,23.77000000000001,18.50557894736842,16.596,9.248105263157896,102.03,102.03,80
04_4_60,10,4_5,19.569999999999993,18.42,11.5,6.490144927536232,6.277101449275362,3.6523188405797096,78.75999999999999,75.05,66.35
06_4_20,1,4_5,21.560000000000002,21.560000000000002,14.64,7.742765957446808,7.742765957446808,6.463404255319149,41.35,41.35,34.43
06_4_20,2,4_5,22.860000000000003,22.860000000000003,14.5,6.7627906976744185,6.7627906976744185,5.616511627906976,41.45,41.45,33
06_4_20,3,4_5,21.939999999999998,21.939999999999998,17.32,7.255526315789473,7.275789473684211,5.855526315789474,41.86,41.86,33.61
06_4_20,4,4_5,13.52,13.52,10.77,5.1394594594594585,5.1394594594594585,4.533243243243243,33.43,33.43,29.49
06_4_20,5,4_5,17.92,17.92,14.330000000000002,6.038918918918919,6.023243243243243,5.162972972972973,35,35,30.77
06_4_20,6,4_5,19.919999999999998,19.919999999999998,13.0,6.201142857142857,6.201142857142857,4.594857142857142,38.28,38.28,30.57
06_4_20,7,4_5,15.59,15.59,13.59,6.046857142857142,6.063428571428571,5.646571428571429,31,31,30.42
06_4_20,8,4_5,22.9,22.9,18.21,8.214736842105262,8.214736842105262,6.589473684210526,38,38,33
06_4_20,9,4_5,22.6,22.6,18.430000000000007,7.520697674418606,7.520697674418606,6.413255813953489,41.370000000000005,41.370000000000005,35.370000000000005
06_4_20,10,4_5,23.110000000000003,23.110000000000003,20.970000000000002,8.2455,8.2455,6.471,41.81,41.81,34.81
06_4_40,1,4_5,46.580000000000005,39.379999999999995,23.92,12.649240506329114,11.737848101265822,8.938607594936709,83,79.28,62
06_4_40,2,4_5,61.01,60.01,34.35,22.247608695652175,22.572391304347825,14.775869565217391,101,100,73.34
06_4_40,3,4_5,45.17,45.17,25.349999999999998,15.515882352941176,15.515882352941176,10.282235294117648,84.06,84.06,61.28
06_4_40,4,4_5,42.010000000000005,42.010000000000005,24.010000000000005,15.321538461538461,15.513846153846155,9.40551282051282,81.2,81.2,60.43
06_4_40,5,4_5,54.15,54.15,28.35,19.664482758620693,19.664482758620693,13.713333333333335,94,94,65.23
06_4_40,6,4_5,53.52,53.52,28.979999999999997,19.375882352941176,18.442235294117648,11.394,92,92,66
06_4_40,7,4_5,57.220000000000006,57.269999999999996,31.979999999999997,20.547045454545454,20.547045454545454,14.063409090909092,95.85,95.85,69
06_4_40,8,4_5,30.240000000000002,30.240000000000002,21.17,12.145694444444445,12.145694444444445,7.647083333333335,67,67,57.68
06_4_40,9,4_5,61.85000000000001,60.85000000000001,35.07,22.184,21.931368421052635,14.73284210526316,101.31,100.31,75
06_4_40,10,4_5,55.019999999999996,55.019999999999996,26.910000000000004,19.347228915662647,18.889397590361444,11.814698795180723,94.52,94.52,66
06_4_60,1,4_5,78.62000000000002,83.62000000000002,44.260000000000005,29.412704918032787,30.388114754098364,19.07909836065574,134.36,139.36,97
06_4_60,2,4_5,73.30000000000001,67.69,42.23000000000001,29.302131147540987,28.315163934426227,18.26737704918033,132.07,127.27,101.27
06_4_60,3,4_5,77.16,81.16,49.46999999999999,31.418372093023255,32.701317829457366,22.510542635658915,136.34,140.34,106
06_4_60,4,4_5,75.59,76.03,35.51,27.614741379310345,27.7075,17.238879310344828,134,133,91.62
06_4_60,5,4_5,84.61000000000001,83.6,48.610000000000014,30.201359999999998,28.01832,18.58608,143,140.91,106
06_4_60,6,4_5,80.07000000000001,80.07000000000001,44.07000000000001,28.0555905511811,28.0851968503937,19.6651968503937,139,138,102
06_4_60,7,4_5,102.15999999999998,106.33999999999999,51.86000000000001,37.047028985507254,38.56152173913044,22.08420289855073,161.82,166,110.45
06_4_60,8,4_5,85.93999999999998,89.29999999999998,41.29999999999999,36.54841269841269,35.662301587301585,19.92095238095238,144.04,146.04,101.08
06_4_60,9,4_5,81.77000000000001,88.66,41.84000000000001,28.747698412698416,30.09603174603175,18.210634920634924,140.73000000000002,147.4,99
06_4_60,10,4_5,81.58000000000001,79.58000000000001,38.18000000000001,31.532231404958683,31.454132231404962,17.215537190082646,140.99,138.99,97
08_4_20,1,4_5,30.82,30.82,15.47,10.04782608695652,10.04782608695652,6.615869565217391,49,49,31
08_4_20,2,4_5,37.89,37.89,22.040000000000003,13.59519230769231,13.59519230769231,10.189807692307692,56.31,56.31,40.31
08_4_20,3,4_5,26.73,26.73,17.759999999999998,10.819,10.819,8.195,46,46,34
08_4_20,4,4_5,36.230000000000004,36.230000000000004,21.550000000000004,12.243461538461538,12.235384615384616,8.823461538461538,56,56,40
08_4_20,5,4_5,42.3,42.3,24.1,16.74298245614035,16.74298245614035,11.314736842105264,61,61,42.129999999999995
08_4_20,6,4_5,26.200000000000003,26.200000000000003,14.230000000000004,7.618222222222222,7.640444444444444,5.948222222222222,46.09,46.09,32.129999999999995
08_4_20,7,4_5,20.180000000000003,20.180000000000003,12.49,8.329487179487181,8.329487179487181,5.26025641025641,39,39,30
08_4_20,8,4_5,20.140000000000004,20.140000000000004,14.47,8.175116279069767,8.175116279069767,6.136744186046512,39.7,39.7,32.44
08_4_20,9,4_5,31.34,31.34,22.34,11.594489795918367,11.594489795918367,8.630816326530613,50.25,50.25,37.25
08_4_20,10,4_5,19.589999999999996,19.589999999999996,14.21,6.47,6.47,5.876904761904761,39.379999999999995,39.379999999999995,33
08_4_40,1,4_5,66.89000000000001,66.89000000000001,38.08,23.5776,23.5376,17.1751,106.53,106.53,77.77
08_4_40,2,4_5,58.68,58.68,31.910000000000004,21.97375,22.00784090909091,13.685113636363637,98,98,70.02
08_4_40,3,4_5,60.25000000000001,60.25000000000001,35.96,21.565,21.381326530612245,15.994795918367348,100.25,100.25,74
08_4_40,4,4_5,73.0,73.0,47.57999999999999,28.53724770642202,28.53724770642202,19.227798165137614,112.21000000000001,112.21000000000001,85.89
08_4_40,5,4_5,61.32,65.66,35.82,21.641443298969072,23.00278350515464,14.296597938144329,100.66,103,74.2
08_4_40,6,4_5,45.330000000000005,50.20000000000001,29.070000000000007,15.455697674418605,15.899883720930234,10.156744186046511,84.83,89.7,67
08_4_40,7,4_5,69.00999999999999,66.00999999999999,40.64,25.180576923076924,24.98826923076923,19.029326923076923,109,106,80
08_4_40,8,4_5,71.6,71.6,41.760000000000005,26.50317307692308,26.493557692307693,17.647403846153846,110,110,76.4
08_4_40,9,4_5,50.07,50.07,31.84,19.720348837209304,19.720348837209304,13.482325581395349,89,89,66.21000000000001
08_4_40,10,4_5,73.85,73.85,41.12,28.646930693069308,28.49841584158416,17.844950495049506,113,113,78
08_4_60,1,4_5,128.31,125.30999999999999,71.49999999999999,47.040061349693254,46.73944785276073,30.49484662576687,188,185,131
08_4_60,2,4_5,107.82000000000001,101.79,56.14,37.44006993006993,36.82734265734266,21.556993006993007,167,160,115
08_4_60,3,4_5,122.97999999999999,117.97999999999999,61.63999999999999,45.01876623376623,44.090194805194805,26.648896103896103,182,177,120.16
08_4_60,4,4_5,113.71,106.57999999999998,64.78999999999999,42.394968944099375,43.036086956521736,27.09062111801242,171,165,123
08_4_60,5,4_5,110.5,112.5,57.49999999999999,42.34882352941176,42.557973856209145,25.695228758169932,170,172,117
08_4_60,6,4_5,104.44999999999999,108.44999999999999,55.84999999999999,42.934733333333334,42.721399999999996,26.58993333333333,164,168,114.16
08_4_60,7,4_5,118.45,111.36,59.63000000000001,43.6310067114094,44.080000000000005,26.43838926174497,178.09,171,118
08_4_60,8,4_5,105.08000000000001,118.03999999999998,65.27,41.126133333333335,43.93293333333333,28.4444,163.42000000000002,177.76999999999998,119
08_4_60,9,4_5,115.77999999999999,113.58,62.99999999999999,40.99192307692307,40.38916666666667,28.59698717948718,175.26999999999998,173.07,121.53999999999999
08_4_60,10,4_5,114.69999999999999,112.75,56.70999999999999,44.482960526315786,43.43519736842105,24.45519736842105,172.6,172,113.38
04_4_20,1,4_6,17.72,17.72,17.72,4.499677419354839,4.499677419354839,3.5841935483870966,37,37,37
04_4_20,2,4_6,9.740000000000002,9.740000000000002,9.73,4.012903225806452,4.012903225806452,3.4593548387096775,26.96,26.96,24.05
04_4_20,3,4_6,11.620000000000001,11.620000000000001,11.620000000000001,2.7438461538461536,2.7438461538461536,2.7438461538461536,25.53,25.53,25.53
04_4_20,4,4_6,5.859999999999999,5.859999999999999,8.86,2.311034482758621,2.311034482758621,2.486206896551724,23.02,23.02,23
04_4_20,5,4_6,3.2399999999999984,3.2399999999999984,14.08,0.899333333333333,0.899333333333333,2.6686666666666663,21,21,26
04_4_20,6,4_6,11.68,11.68,9.4,4.2651724137931035,4.2651724137931035,3.3693103448275865,26.39,26.39,24.39
04_4_20,7,4_6,14.12,14.12,14.12,4.739714285714285,4.739714285714285,4.012857142857143,32,32,32
04_4_20,8,4_6,3.759999999999998,3.759999999999998,3.759999999999998,1.4195000000000004,1.4195000000000004,1.2205000000000004,21,21,21
04_4_20,9,4_6,13.41,13.41,13.41,3.6599999999999997,3.6599999999999997,3.5974999999999997,27.5,27.5,27.5
04_4_20,10,4_6,4.440000000000001,4.440000000000001,4.440000000000001,1.435652173913044,1.3921739130434787,1.2947826086956529,24.41,24.41,24.41
04_4_40,1,4_6,13.280000000000001,13.280000000000001,12.280000000000001,4.726785714285715,4.7625,4.286607142857143,52,52,52
04_4_40,2,4_6,19.39,19.39,14.130000000000003,6.049821428571429,6.192678571428572,4.385000000000001,52,54,52
04_4_40,3,4_6,25.140000000000008,25.140000000000008,23.140000000000008,8.281,8.397666666666668,6.448333333333334,64.23,64.23,62.230000000000004
04_4_40,4,4_6,19.68,20.68,15.080000000000005,6.3481250000000005,6.2543750000000005,5.63078125,59,60,54
04_4_40,5,4_6,23.03,23.03,20.03,8.906956521739131,9.051884057971014,7.527826086956522,63,63,59
04_4_40,6,4_6,18.25,19.0,13.75,6.71,6.837358490566038,4.446037735849056,55,56,53
04_4_40,7,4_6,12.420000000000009,12.420000000000009,10.979999999999997,4.597600000000001,4.636800000000001,3.748799999999999,49.480000000000004,49.480000000000004,48.480000000000004
04_4_40,8,4_6,27.360000000000007,27.360000000000007,24.360000000000007,7.426612903225807,7.701935483870968,6.935806451612903,67.21000000000001,67.21000000000001,64
04_4_40,9,4_6,21.379999999999995,21.379999999999995,20.949999999999996,6.901833333333332,7.0424999999999995,5.301833333333333,59.75,59.75,59.75
04_4_40,10,4_6,32.4,32.4,27.4,13.642571428571427,13.671142857142858,10.196428571428571,66.94,66.94,65.94
04_4_60,1,4_6,46.44000000000001,48.550000000000004,44.03,18.027247706422017,17.574220183486236,15.828348623853211,106,104.05,103
04_4_60,2,4_6,25.499999999999993,23.499999999999993,22.18,8.924761904761906,8.765357142857145,7.790595238095239,84,83.32,80
04_4_60,3,4_6,27.049999999999997,27.370000000000005,25.049999999999997,8.947692307692307,8.721538461538461,7.7710256410256395,83,84.67,81.08
04_4_60,4,4_6,38.87,40.54,35.87,16.757745098039212,16.97147058823529,12.701568627450978,97.32,97.32,95.32
04_4_60,5,4_6,27.910000000000004,29.22,24.910000000000004,10.059529411764707,10.367176470588236,8.849411764705883,86,87,83
04_4_60,6,4_6,31.080000000000013,31.17,29.78,12.135555555555555,12.044444444444444,11.093555555555554,84.4,86.5,83.1
04_4_60,7,4_6,33.34999999999999,33.34999999999999,31.54,13.828421052631578,13.557684210526313,10.893684210526313,93.07,93.07,87.07
04_4_60,8,4_6,26.949999999999996,28.87999999999999,24.949999999999996,8.843372093023255,9.160116279069765,7.840581395348837,84.61,86,82.61
04_4_60,9,4_6,40.43000000000001,43.93000000000001,35.54,14.29242105263158,15.25305263157895,11.771789473684212,99,99,95.03
04_4_60,10,4_6,14.280000000000001,16.28,13.300000000000011,5.169710144927536,5.14695652173913,4.1460869565217395,68.26,67.18,68
06_4_20,1,4_6,21.64,21.64,19.64,9.464468085106382,9.464468085106382,7.154255319148937,40.43,40.43,39.43
06_4_20,2,4_6,17.83,17.83,16.08,5.791395348837209,5.847906976744186,4.673488372093023,37,37,35.25
06_4_20,3,4_6,18.679999999999996,18.679999999999996,17.33,7.431842105263157,7.431842105263157,6.208157894736842,38,38,34.69
06_4_20,4,4_6,17.049999999999997,17.049999999999997,14.229999999999999,5.892702702702702,5.919729729729729,4.905945945945946,35.31,35.31,33
06_4_20,5,4_6,19.319999999999997,19.319999999999997,17.689999999999998,6.938378378378379,6.938378378378379,6.338108108108108,35.769999999999996,35.769999999999996,34.769999999999996
06_4_20,6,4_6,16.099999999999998,16.099999999999998,13.099999999999998,4.752571428571428,4.838285714285714,4.179142857142857,35.57,35.57,32.57
06_4_20,7,4_6,18.02,18.02,17.59,5.64,5.64,5.321714285714285,33.43,33.43,31.42
06_4_20,8,4_6,15.21,15.21,13.21,5.668947368421053,5.668947368421053,4.954736842105263,32,32,28
06_4_20,9,4_6,21.36,21.36,19.42,7.608604651162792,7.608604651162792,6.503953488372093,40.18,40.18,39
06_4_20,10,4_6,14.0,14.0,13.850000000000001,7.1005,7.1005,5.32625,31.810000000000002,31.810000000000002,33
06_4_40,1,4_6,34.760000000000005,34.760000000000005,30.939999999999998,11.760506329113925,11.551772151898735,9.952784810126582,72.84,72.84,70.84
06_4_40,2,4_6,52.01,52.01,48.01,18.239782608695652,18.21804347826087,15.61217391304348,92,92,88
06_4_40,3,4_6,40.959999999999994,41.04,36.709999999999994,14.338588235294116,14.291529411764705,13.167647058823528,80.03999999999999,80.03999999999999,75.03999999999999
06_4_40,4,4_6,37.96,37.96,33.870000000000005,14.687051282051282,14.84448717948718,11.536025641025642,76.98,76.98,72.2
06_4_40,5,4_6,37.699999999999996,37.699999999999996,36.480000000000004,15.411379310344829,15.411379310344829,12.722413793103449,77.25,77.25,74.25
06_4_40,6,4_6,46.989999999999995,46.989999999999995,44.03999999999999,17.16976470588235,16.910941176470587,14.664588235294117,86.22,86.22,84
06_4_40,7,4_6,47.589999999999996,47.589999999999996,38.699999999999996,16.948295454545455,17.239659090909093,13.406477272727274,85,85.89,77
06_4_40,8,4_6,28.589999999999996,28.589999999999996,25.290000000000006,11.614027777777778,11.502916666666668,8.104305555555557,67,67.06,65.06
06_4_40,9,4_6,47.31999999999999,47.31999999999999,41.07,18.94621052631579,18.941684210526315,14.854105263157896,86.31,86.31,81
06_4_40,10,4_6,45.28999999999999,45.28999999999999,42.64,18.47566265060241,18.339518072289156,14.127349397590361,85.17,85.17,82.17
06_4_60,1,4_6,68.47,64.47,66.19,23.542704918032786,22.46073770491803,20.676147540983607,126,122,122.72
06_4_60,2,4_6,60.40999999999999,64.41,57.40999999999999,23.558032786885246,24.02918032786885,19.841967213114756,120.07,124.07,115.07
06_4_60,3,4_6,63.959999999999994,67.66,63.81999999999999,25.543643410852713,25.44333333333333,22.57488372093023,123.14,125.19,123
06_4_60,4,4_6,57.25000000000001,54.25000000000001,52.539999999999985,22.443879310344826,22.616293103448275,19.938275862068966,116,113,112
06_4_60,5,4_6,67.94,65.05000000000001,59.94,26.17584,25.95984,21.81744,125.25,124.25,119.25
06_4_60,6,4_6,64.06,65.96,60.34,24.949448818897636,23.534330708661418,19.54346456692913,122.27,122.27,119.27
06_4_60,7,4_6,74.21,75.46000000000001,65.21,31.801956521739132,31.363333333333333,23.347463768115944,133.87,134,124.87
06_4_60,8,4_6,61.73999999999999,60.25999999999999,59.26,24.94753968253968,24.55769841269841,23.76111111111111,121,119.61,117
06_4_60,9,4_6,64.65,62.65000000000001,61.65000000000001,25.808492063492068,25.877222222222226,20.50730158730159,124.03,122.03,121.03
06_4_60,10,4_6,57.18000000000001,58.18000000000001,49.300000000000004,24.242975206611572,24.82322314049587,19.547851239669424,117,118,108.71000000000001
08_4_20,1,4_6,20.81,20.81,17.82,8.86608695652174,8.86608695652174,7.477608695652174,39.76,39.76,37
08_4_20,2,4_6,29.890000000000004,29.890000000000004,23.819999999999997,11.909807692307693,11.909807692307693,8.74673076923077,49.31,49.31,43
08_4_20,3,4_6,26.85,26.85,21.759999999999998,10.794,10.794,8.776,44,44,38.55
08_4_20,4,4_6,27.82,27.82,24.27,11.032692307692308,11.032692307692308,9.035,46,46,44.04
08_4_20,5,4_6,28.3,28.3,28.310000000000002,13.621578947368421,13.621578947368421,11.284035087719298,48,48,48
08_4_20,6,4_6,22.540000000000003,22.540000000000003,20.54,8.084222222222222,8.228444444444445,7.472888888888889,40.67,40.67,40.129999999999995
08_4_20,7,4_6,17.9,17.9,14.899999999999999,6.63,6.63,5.88025641025641,37,37,34
08_4_20,8,4_6,17.790000000000003,17.790000000000003,14.879999999999999,7.199302325581396,7.199302325581396,6.95,35.7,35.7,34
08_4_20,9,4_6,29.88,29.88,28.34,9.853061224489796,9.853061224489796,8.157142857142857,48.25,48.25,43.25
08_4_20,10,4_6,21.21,21.21,21.21,7.678809523809524,7.678809523809524,7.627142857142857,40,40,41
08_4_40,1,4_6,52.06,52.06,45.74999999999999,22.642799999999998,22.4228,18.796,89.53,89.53,85.53
08_4_40,2,4_6,46.98,46.98,38.98,18.70715909090909,18.674545454545456,14.933977272727272,86.3,86.3,78.3
08_4_40,3,4_6,53.33,53.33,49.33,20.43908163265306,20.683979591836735,17.84408163265306,93.25,93.25,89.25
08_4_40,4,4_6,62.42,62.42,61.42,23.55082568807339,23.55082568807339,19.03183486238532,101.89,101.89,100.89
08_4_40,5,4_6,49.599999999999994,50.62,46.65,19.170309278350516,19.25278350515464,15.638762886597938,88.69,88.69,84.69
08_4_40,6,4_6,41.28000000000001,41.28000000000001,35.50000000000001,15.425116279069767,15.825116279069768,12.391511627906977,79,78.3,75
08_4_40,7,4_6,59.769999999999996,59.769999999999996,57.01,24.21403846153846,24.20019230769231,18.621153846153845,99,99,97
08_4_40,8,4_6,57.68000000000001,58.6,49.290000000000006,22.416634615384616,22.21471153846154,18.07048076923077,97,97,89
08_4_40,9,4_6,42.65,42.65,42.57,18.020232558139536,18.020232558139536,15.84453488372093,81.21000000000001,80.21000000000001,77
08_4_40,10,4_6,61.07000000000001,61.07000000000001,56.849999999999994,25.528613861386138,25.562673267326733,20.978217821782177,100,100,96
08_4_60,1,4_6,101.25999999999998,101.28999999999999,91.25999999999998,39.78478527607362,40.042453987730056,32.393190184049075,159.95,159.95,150.95
08_4_60,2,4_6,81.55000000000001,79.69999999999999,71.14,34.334265734265735,33.81468531468532,28.27587412587413,139,138.23000000000002,130
08_4_60,3,4_6,94.46,94.47999999999999,88.46,36.50967532467532,36.300194805194806,28.740844155844155,153.91,154,147.91
08_4_60,4,4_6,94.57999999999998,96.69999999999999,91.82999999999998,39.3955900621118,39.4395652173913,34.35149068322981,153,156,148
08_4_60,5,4_6,84.26,82.26,74.38999999999999,32.3618954248366,31.70176470588235,26.806339869281043,144,142,134
08_4_60,6,4_6,86.69,86.57,78.44999999999999,34.8838,35.410466666666665,28.18006666666666,146,146,136
08_4_60,7,4_6,85.37,87.36,82.37,34.1955033557047,34.49080536912752,27.06275167785235,145,147,142
08_4_60,8,4_6,81.20000000000002,80.14000000000001,72.27,34.94166666666667,34.58166666666667,28.1992,141,138.42000000000002,132
08_4_60,9,4_6,98.74000000000001,95.92000000000002,84.79,35.714423076923076,35.93596153846154,29.057115384615386,158.28,155.15,144.28
08_4_60,10,4_6,88.32999999999998,88.13,76.57,34.9228947368421,34.72157894736842,28.01578947368421,148,148.03,134
case,MN,"fcfsavg,llcavg",olcavg
04_3_20,3_4,9.882000000000001,9.882000000000001,9.237
04_3_40,3_4,21.428000000000004,21.43,12.016000000000002
04_3_60,3_4,31.900000000000006,31.361,20.678000000000004
06_3_20,3_4,15.343,15.343,12.901999999999997
06_3_40,3_4,39.86399999999999,39.885,25.156
06_3_60,3_4,64.81199999999998,64.90299999999999,41.016999999999996
08_3_20,3_4,28.273000000000003,28.273000000000003,21.016
08_3_40,3_4,54.681999999999995,54.681999999999995,35.824
08_3_60,3_4,92.686,93.07199999999999,56.83399999999999
04_3_20,3_5,9.208,9.125,8.975
04_3_40,3_5,15.91,16.15,14.273
04_3_60,3_5,26.313,25.987000000000005,24.234999999999996
06_3_20,3_5,13.95,13.95,13.157
06_3_40,3_5,32.614,32.393,29.229000000000003
06_3_60,3_5,51.17,50.76899999999999,49.106
08_3_20,3_5,24.77,24.77,23.232000000000003
08_3_40,3_5,48.442,48.442,44.256
08_3_60,3_5,71.557,71.45900000000002,67.006
04_4_20,4_5,9.92,10.038,9.25
04_4_40,4_5,25.629999999999995,25.940999999999995,14.25
04_4_60,4_5,38.579,39.736,21.492000000000004
06_4_20,4_5,20.192,20.192,15.576000000000002
06_4_40,4_5,50.67700000000001,49.762,28.009000000000004
06_4_60,4_5,82.08,83.60499999999999,43.73300000000001
08_4_20,4_5,29.142000000000003,29.142000000000003,17.866000000000003
08_4_40,4_5,63.000000000000014,63.621,37.378
08_4_60,4_5,114.17800000000003,112.83399999999999,61.20299999999999
04_4_20,4_6,9.558999999999997,9.558999999999997,10.713999999999999
04_4_40,4_6,21.233000000000004,21.408000000000005,18.21
04_4_60,4_6,31.186,32.278999999999996,28.714999999999996
06_4_20,4_6,17.921,17.921,16.214000000000002
06_4_40,4_6,41.916999999999994,41.92499999999999,37.775
06_4_60,4_6,63.98699999999999,63.834999999999994,59.565999999999995
08_4_20,4_6,24.299,24.299,21.585
08_4_40,4_6,52.684000000000005,52.87800000000001,48.335
08_4_60,4_6,89.644,89.25500000000001,81.15299999999998
04_3_20,3_4,3.5204122999667504,3.5192059507604014,3.384856401455143
04_3_40,3_4,7.315312478133616,7.2362027322500735,4.597050765434316
04_3_60,3_4,12.702608769523396,12.731957908447868,7.996041701358775
06_3_20,3_4,5.819826288986988,5.818201288986988,5.248217736919489
06_3_40,3_4,14.525848753576321,14.501041876255238,10.855656831030638
06_3_60,3_4,25.391548410254604,25.208070848699084,17.858794429454548
08_3_20,3_4,11.183381974457333,11.195459677160036,9.1440506203998
08_3_40,3_4,21.668829069810048,21.63298288817026,16.61068269492904
08_3_60,3_4,38.70199172167209,38.54744573112023,26.528706491541037
04_3_20,3_5,3.2223136820171945,3.2287567461993896,3.2571394738797936
04_3_40,3_5,6.006680576189898,6.020092743603189,5.226925227600648
04_3_60,3_5,9.87888694055897,9.746801147744367,8.695306395848089
06_3_20,3_5,5.206648125291931,5.216707649101456,4.930263500767916
06_3_40,3_5,12.602450783703256,12.611216171585248,11.55499894755211
06_3_60,3_5,20.861383376023266,20.618499291279047,18.693092131405994
08_3_20,3_5,10.570251772868534,10.557751772868535,9.97033363749117
08_3_40,3_5,19.564635649987117,19.577594889814783,17.924535067604847
08_3_60,3_5,31.345131043783216,31.303782830572306,27.673521114103625
04_4_20,4_5,3.2477926853581804,3.271126018691514,2.9325049437473303
04_4_40,4_5,9.61126159825343,9.670916329436224,5.6280488168963565
04_4_60,4_5,14.13194421895509,13.987935983148535,8.592624952979435
06_4_20,4_5,6.916839586581294,6.918955477660345,5.73468164848244
06_4_40,4_5,17.89986039426753,17.696019187554334,11.67675919328042
06_4_60,4_5,30.988027159066547,31.098960067224443,19.277850159645418
08_4_20,4_5,10.563577786594825,10.564992316509356,7.6991819545052405
08_4_40,4_5,23.28017682100883,23.40672739740804,15.854015668973508
08_4_60,4_5,42.74094469683554,42.78097434964501,26.601149275582486
04_4_20,4_6,2.998683348851983,2.9943355227650263,2.84372182005417
04_4_40,4_6,7.359130632972684,7.454884112764612,5.890745390537086
04_4_60,4_6,11.698645632744967,11.756201693406398,9.86866474867676
06_4_20,4_6,6.62894100684431,6.645866300909139,5.5565753113367355
06_4_40,4_6,15.75912688806236,15.725193074861815,12.814787094044785
06_4_60,4_6,25.301451271939566,25.066519228697977,21.155590661022476
08_4_20,4_6,9.566956119999308,9.58137834222153,8.140680556603325
08_4_40,4_6,21.01148114655046,21.04078601903001,17.21505556031583
08_4_60,4_6,35.704449965809964,35.643914321917464,29.108266222109684
04_3_20,3_4,27.368000000000002,27.369,26.626000000000005
04_3_40,3_4,58.92200000000001,59.02200000000001,48.629
04_3_60,3_4,89.92999999999999,89.165,78.405
06_3_20,3_4,33.799,33.799,30.479000000000003
06_3_40,3_4,78.487,78.50800000000001,62.702
06_3_60,3_4,123.386,123.58599999999998,99.59
08_3_20,3_4,46.604000000000006,46.604000000000006,38.957
08_3_40,3_4,93.545,93.545,73.863
08_3_60,3_4,151.96200000000002,152.17900000000003,115.271
04_3_20,3_5,26.570999999999998,26.615,25.962
04_3_40,3_5,52.641,52.52,50.42199999999999
04_3_60,3_5,84.344,83.51899999999999,82.26599999999999
06_3_20,3_5,32.194,32.194,30.547000000000004
06_3_40,3_5,70.84700000000001,70.81700000000001,67.9
06_3_60,3_5,110.08800000000001,109.699,107.86100000000002
08_3_20,3_5,43.429,43.429,42.128
08_3_40,3_5,87.428,87.48599999999999,83.325
08_3_60,3_5,130.635,130.481,126.24099999999999
04_4_20,4_5,27.656,27.756,25.408
04_4_40,4_5,63.998000000000005,64.465,50.905
04_4_60,4_5,96.207,95.636,77.799
06_4_20,4_5,38.355000000000004,38.355000000000004,32.547000000000004
06_4_40,4_5,89.394,88.822,65.596
06_4_60,4_5,140.635,141.73100000000002,101.14200000000001
08_4_20,4_5,48.272999999999996,48.272999999999996,35.226
08_4_40,4_5,102.348,102.769,74.949
08_4_60,4_5,173.13799999999998,172.084,119.22399999999998
04_4_20,4_6,26.481,26.481,26.488
04_4_40,4_6,58.86100000000001,59.26100000000001,57.040000000000006
04_4_60,4_6,88.566,88.811,85.821
06_4_20,4_6,35.95,35.95,34.113
06_4_40,4_6,80.881,80.97599999999998,76.95599999999999
06_4_60,4_6,122.86300000000001,122.44200000000001,118.292
08_4_20,4_6,42.869,42.869,40.297000000000004
08_4_40,4_6,91.587,91.417,87.26599999999999
08_4_60,4_6,148.81400000000002,148.478,139.91400000000002
